Workbook

Sheet Janvier 2018
C1: Suivi objectif réalisation CA par atelier | AG1: 725000
AH3: =22 -> 22
S5: 5188
A7: GRIM PASSION LATTES | B7: 1 | C7: 2 | D7: 3 | E7: 4 | F7: 5 | G7: 6 | H7: 7 | I7: 8 | J7: 9 | K7: 10 | L7: 11 | M7: 12 | N7: 13 | O7: 14 | P7: 15 | Q7: 16 | R7: 17 | S7: 18 | T7: 19 | U7: 20 | V7: 21 | W7: 22 | X7: 23 | Y7: 24 | Z7: 25 | AA7: 26 | AB7: 27 | AC7: 28 | AD7: 29 | AE7: 30 | AF7: 31
A8: CA REALISE (CLIENT CESSION GARANTIE) | C8: 937 | D8: 5142 | E8: 8548 | F8: 12993 | I8: 15791 | J8: 20445 | K8: 27384 | L8: 31560 | M8: 36949.28 | P8: 41396 | Q8: 47051 | R8: 55758 | S8: 64492 | T8: 72736 | W8: 77242 | X8: 83259 | Y8: 89236 | Z8: 92343 | AA8: 99442 | AD8: 102766 | AE8: 108635 | AF8: 116703
A9: OBJECTIF | C9: 5856 | D9: =C9+5856 -> 11712 | E9: =D9+5856 -> 17568 | F9: =E9+5856 -> 23424 | I9: =F9+5856 -> 29280 | J9: =I9+5856 -> 35136 | K9: =J9+5856 -> 40992 | L9: =K9+5856 -> 46848 | M9: =L9+5856 -> 52704 | P9: =M9+5856 -> 58560 | Q9: =P9+5856 -> 64416 | R9: =Q9+5856 -> 70272 | S9: =R9+5856 -> 76128 | T9: =S9+5856 -> 81984 | W9: =T9+5856 -> 87840 | X9: =W9+5856 -> 93696 | Y9: =X9+5856 -> 99552 | Z9: =Y9+5856 -> 105408 | AA9: =Z9+5856 -> 111264 | AD9: =AA9+5856 -> 117120 | AE9: =AD9+5856 -> 122976 | AF9: =AE9+5856 -> 128832
A10: % DE REALISATION | C10: =C8/C9 -> 0.16000683 | D10: =D8/D9 -> 0.43903689 | E10: =E8/E9 -> 0.48656648 | F10: =F8/F9 -> 0.5546875 | I10: =I8/I9 -> 0.53931011 | J10: =J8/J9 -> 0.58188183 | K10: =K8/K9 -> 0.66803279 | L10: =L8/L9 -> 0.67366803 | M10: =M8/M9 -> 0.70107165 | P10: =P8/P9 -> 0.70689891 | Q10: =Q8/Q9 -> 0.73042412 | R10: =R8/R9 -> 0.7934597 | S10: =S8/S9 -> 0.84715216 | T10: =T8/T9 -> 0.8871975 | W10: =W8/W9 -> 0.87934882 | X10: =X8/X9 -> 0.88860784 | Y10: =Y8/Y9 -> 0.89637576 | Z10: =Z8/Z9 -> 0.87605305 | AA10: =AA8/AA9 -> 0.8937482 | AD10: =AD8/AD9 -> 0.87744194 | AE10: =AE8/AE9 -> 0.88338375 | AF10: =AF8/AF9 -> 0.90585414
A14: GRIM PASSION PEROLS | B14: 1 | C14: 2 | D14: 3 | E14: 4 | F14: 5 | G14: 6 | H14: 7 | I14: 8 | J14: 9 | K14: 10 | L14: 11 | M14: 12 | N14: 13 | O14: 14 | P14: 15 | Q14: 16 | R14: 17 | S14: 18 | T14: 19 | U14: 20 | V14: 21 | W14: 22 | X14: 23 | Y14: 24 | Z14: 25 | AA14: 26 | AB14: 27 | AC14: 28 | AD14: 29 | AE14: 30 | AF14: 31
A15: CA REALISE (CLIENT CESSION GARANTIE) | C15: 0 | D15: 95 | E15: 353 | F15: 927 | I15: 927 | J15: 927 | K15: 945 | L15: 945 | M15: 1003.61 | P15: 1108 | Q15: 1110 | R15: 3757 | S15: 4580 | T15: 4814 | W15: 4974 | X15: 5504 | Y15: 6388 | Z15: 6565 | AA15: 7493 | AD15: 7856 | AE15: 8049 | AF15: 8434
A16: OBJECTIF | C16: 792 | D16: =C16+792 -> 1584 | E16: =D16+792 -> 2376 | F16: =E16+792 -> 3168 | I16: =F16+792 -> 3960 | J16: =I16+792 -> 4752 | K16: =J16+792 -> 5544 | L16: =K16+792 -> 6336 | M16: =L16+792 -> 7128 | P16: =M16+792 -> 7920 | Q16: =P16+792 -> 8712 | R16: =Q16+792 -> 9504 | S16: =R16+792 -> 10296 | T16: =S16+792 -> 11088 | W16: =T16+792 -> 11880 | X16: =W16+792 -> 12672 | Y16: =X16+792 -> 13464 | Z16: =Y16+792 -> 14256 | AA16: =Z16+792 -> 15048 | AD16: =AA16+792 -> 15840 | AE16: =AD16+792 -> 16632 | AF16: =AE16+792 -> 17424
A17: % DE REALISATION | C17: =C15/C16 -> 0 | D17: =D15/D16 -> 0.059974747 | E17: =E15/E16 -> 0.14856902 | F17: =F15/F16 -> 0.29261364 | I17: =I15/I16 -> 0.23409091 | J17: =J15/J16 -> 0.19507576 | K17: =K15/K16 -> 0.17045455 | L17: =L15/L16 -> 0.14914773 | M17: =M15/M16 -> 0.14079826 | P17: =P15/P16 -> 0.13989899 | Q17: =Q15/Q16 -> 0.12741047 | R17: =R15/R16 -> 0.39530724 | S17: =S15/S16 -> 0.44483294 | T17: =T15/T16 -> 0.43416306 | W17: =W15/W16 -> 0.41868687 | X17: =X15/X16 -> 0.43434343 | Y17: =Y15/Y16 -> 0.47445039 | Z17: =Z15/Z16 -> 0.46050786 | AA17: =AA15/AA16 -> 0.49793993 | AD17: =AD15/AD16 -> 0.4959596 | AE17: =AE15/AE16 -> 0.48394661 | AF17: =AF15/AF16 -> 0.484045
A21: PRESTIGE AUTO MONTPELLIER | B21: 1 | C21: 2 | D21: 3 | E21: 4 | F21: 5 | G21: 6 | H21: 7 | I21: 8 | J21: 9 | K21: 10 | L21: 11 | M21: 12 | N21: 13 | O21: 14 | P21: 15 | Q21: 16 | R21: 17 | S21: 18 | T21: 19 | U21: 20 | V21: 21 | W21: 22 | X21: 23 | Y21: 24 | Z21: 25 | AA21: 26 | AB21: 27 | AC21: 28 | AD21: 29 | AE21: 30 | AF21: 31
A22: CA REALISE (CLIENT CESSION GARANTIE) | C22: 925 | D22: 1857 | E22: 3542 | F22: 7304 | I22: 9380 | J22: 10581 | K22: 13032 | L22: 16192 | M22: 20376 | P22: 20693 | Q22: 22764 | R22: 23920 | S22: 26455 | T22: 29232 | W22: 33487 | X22: 35183 | Y22: 37728 | Z22: 39945 | AA22: 42678 | AD22: 45952 | AE22: 51332 | AF22: 56371
A23: OBJECTIF | C23: 2877 | D23: =C23+2877 -> 5754 | E23: =D23+2877 -> 8631 | F23: =E23+287 -> 8918 | I23: =F23+2877 -> 11795 | J23: =I23+2877 -> 14672 | K23: =J23+2877 -> 17549 | L23: =K23+2877 -> 20426 | M23: =L23+2877 -> 23303 | P23: =M23+2877 -> 26180 | Q23: =P23+2877 -> 29057 | R23: =Q23+2877 -> 31934 | S23: =R23+2877 -> 34811 | T23: =S23+2877 -> 37688 | W23: =T23+2877 -> 40565 | X23: =W23+2877 -> 43442 | Y23: =X23+2877 -> 46319 | Z23: =Y23+2877 -> 49196 | AA23: =Z23+2877 -> 52073 | AD23: =AA23+2877 -> 54950 | AE23: =AD23+2877 -> 57827 | AF23: =AE23+2877 -> 60704
A24: % DE REALISATION | C24: =C22/C23 -> 0.32151547 | D24: =D22/D23 -> 0.32273201 | E24: =E22/E23 -> 0.41038118 | F24: =F22/F23 -> 0.81901772 | I24: =I22/I23 -> 0.79525223 | J24: =J22/J23 -> 0.72116957 | K24: =K22/K23 -> 0.74260642 | L24: =L22/L23 -> 0.79271517 | M24: =M22/M23 -> 0.87439385 | P24: =P22/P23 -> 0.79041253 | Q24: =Q22/Q23 -> 0.78342568 | R24: =R22/R23 -> 0.74904491 | S24: =S22/S23 -> 0.75996093 | T24: =T22/T23 -> 0.7756315 | W24: =W22/W23 -> 0.82551461 | X24: =X22/X23 -> 0.80988444 | Y24: =Y22/Y23 -> 0.81452536 | Z24: =Z22/Z23 -> 0.81195626 | AA24: =AA22/AA23 -> 0.8195802 | AD24: =AD22/AD23 -> 0.83625114 | AE24: =AE22/AE23 -> 0.88768222 | AF24: =AF22/AF23 -> 0.92862085
A28: PRESTIGE AUTO NIMES | B28: 1 | C28: 2 | D28: 3 | E28: 4 | F28: 5 | G28: 6 | H28: 7 | I28: 8 | J28: 9 | K28: 10 | L28: 11 | M28: 12 | N28: 13 | O28: 14 | P28: 15 | Q28: 16 | R28: 17 | S28: 18 | T28: 19 | U28: 20 | V28: 21 | W28: 22 | X28: 23 | Y28: 24 | Z28: 25 | AA28: 26 | AB28: 27 | AC28: 28 | AD28: 29 | AE28: 30 | AF28: 31
A29: CA REALISE (CLIENT CESSION GARANTIE) | C29: 848 | D29: 1545 | E29: 1545 | F29: 1999 | I29: 3441 | J29: 3622 | K29: 3642 | L29: 5790 | M29: 6659 | P29: 7401 | Q29: 8607 | R29: 11246 | S29: 12002 | T29: 12901 | W29: 14001 | X29: 15273 | Y29: 17557 | Z29: 18239 | AA29: 19240 | AD29: 19676 | AE29: 19917 | AF29: 23002
A30: OBJECTIF | C30: 1770 | D30: =C30+1770 -> 3540 | E30: =D30+1770 -> 5310 | F30: =E30+1770 -> 7080 | I30: =F30+1770 -> 8850 | J30: =I30+1770 -> 10620 | K30: =J30+1770 -> 12390 | L30: =K30+1770 -> 14160 | M30: =L30+1770 -> 15930 | P30: =M30+1770 -> 17700 | Q30: =P30+1770 -> 19470 | R30: =Q30+1770 -> 21240 | S30: =R30+1770 -> 23010 | T30: =S30+1770 -> 24780 | W30: =T30+1770 -> 26550 | X30: =W30+1770 -> 28320 | Y30: =X30+1770 -> 30090 | Z30: =Y30+1770 -> 31860 | AA30: =Z30+1770 -> 33630 | AD30: =AA30+1770 -> 35400 | AE30: =AD30+1770 -> 37170 | AF30: =AE30+1770 -> 38940
A31: % DE REALISATION | C31: =C29/C30 -> 0.47909605 | D31: =D29/D30 -> 0.43644068 | E31: =E29/E30 -> 0.29096045 | F31: =F29/F30 -> 0.28234463 | I31: =I29/I30 -> 0.38881356 | J31: =J29/J30 -> 0.34105461 | K31: =K29/K30 -> 0.29394673 | L31: =L29/L30 -> 0.40889831 | M31: =M29/M30 -> 0.41801632 | P31: =P29/P30 -> 0.41813559 | Q31: =Q29/Q30 -> 0.44206471 | R31: =R29/R30 -> 0.52947269 | S31: =S29/S30 -> 0.5215993 | T31: =T29/T30 -> 0.52062147 | W31: =W29/W30 -> 0.52734463 | X31: =X29/X30 -> 0.53930085 | Y31: =Y29/Y30 -> 0.58348288 | Z31: =Z29/Z30 -> 0.57247332 | AA31: =AA29/AA30 -> 0.57210824 | AD31: =AD29/AD30 -> 0.55581921 | AE31: =AE29/AE30 -> 0.53583535 | AF31: =AF29/AF30 -> 0.59070365
A35: FORD LATTES | B35: 1 | C35: 2 | D35: 3 | E35: 4 | F35: 5 | G35: 6 | H35: 7 | I35: 8 | J35: 9 | K35: 10 | L35: 11 | M35: 12 | N35: 13 | O35: 14 | P35: 15 | Q35: 16 | R35: 17 | S35: 18 | T35: 19 | U35: 20 | V35: 21 | W35: 22 | X35: 23 | Y35: 24 | Z35: 25 | AA35: 26 | AB35: 27 | AC35: 28 | AD35: 29 | AE35: 30 | AF35: 31
A36: CA REALISE (CLIENT CESSION GARANTIE) | C36: 935 | D36: 3468 | E36: 4980 | F36: 7146 | I36: 8519 | J36: 10062 | K36: 12675 | L36: 14852 | M36: 16621 | P36: 22812 | Q36: 24766 | R36: 28022 | S36: 29962 | T36: 32080 | W36: 36020 | X36: 39332 | Y36: 43313 | Z36: 46763 | AA36: 49230 | AD36: 50176 | AE36: 56565 | AF36: 60653
A37: OBJECTIF | C37: 3262 | D37: =C37+3262 -> 6524 | E37: =D37+3262 -> 9786 | F37: =E37+3262 -> 13048 | I37: =F37+3262 -> 16310 | J37: =I37+3262 -> 19572 | K37: =J37+3262 -> 22834 | L37: =K37+3262 -> 26096 | M37: =L37+3262 -> 29358 | P37: =M37+3262 -> 32620 | Q37: =P37+3262 -> 35882 | R37: =Q37+3262 -> 39144 | S37: =R37+3262 -> 42406 | T37: =S37+3262 -> 45668 | W37: =T37+3262 -> 48930 | X37: =W37+3262 -> 52192 | Y37: =X37+3262 -> 55454 | Z37: =Y37+3262 -> 58716 | AA37: =Z37+3262 -> 61978 | AD37: =AA37+3262 -> 65240 | AE37: =AD37+3262 -> 68502 | AF37: =AE37+3262 -> 71764
A38: % DE REALISATION | C38: =C36/C37 -> 0.28663397 | D38: =D36/D37 -> 0.53157572 | E38: =E36/E37 -> 0.50889025 | F38: =F36/F37 -> 0.54767014 | I38: =I36/I37 -> 0.5223176 | J38: =J36/J37 -> 0.51410178 | K38: =K36/K37 -> 0.55509328 | L38: =L36/L37 -> 0.56912937 | M38: =M36/M37 -> 0.56614892 | P38: =P36/P37 -> 0.69932557 | Q38: =Q36/Q37 -> 0.69020679 | R38: =R36/R37 -> 0.71586961 | S38: =S36/S37 -> 0.70655096 | T38: =T36/T37 -> 0.70246124 | W38: =W36/W37 -> 0.73615369 | X38: =X36/X37 -> 0.75360208 | Y38: =Y36/Y37 -> 0.78106178 | Z38: =Z36/Z37 -> 0.79642687 | AA38: =AA36/AA37 -> 0.79431411 | AD38: =AD36/AD37 -> 0.76909871 | AE38: =AE36/AE37 -> 0.82574231 | AF38: =AF36/AF37 -> 0.84517307
A42: FORD PEROLS | B42: 1 | C42: 2 | D42: 3 | E42: 4 | F42: 5 | G42: 6 | H42: 7 | I42: 8 | J42: 9 | K42: 10 | L42: 11 | M42: 12 | N42: 13 | O42: 14 | P42: 15 | Q42: 16 | R42: 17 | S42: 18 | T42: 19 | U42: 20 | V42: 21 | W42: 22 | X42: 23 | Y42: 24 | Z42: 25 | AA42: 26 | AB42: 27 | AC42: 28 | AD42: 29 | AE42: 30 | AF42: 31
A43: CA REALISE (CLIENT CESSION GARANTIE) | C43: 19 | D43: 211 | E43: 300 | F43: 348 | I43: 763 | J43: 895 | K43: 1001 | L43: 1814 | M43: 2455 | P43: 2865 | Q43: 3279 | R43: 4752 | S43: 5348 | T43: 6143 | W43: 7537 | X43: 8012 | Y43: 8689 | Z43: 10185 | AA43: 10992 | AD43: 11980 | AE43: 13204 | AF43: 13444
A44: OBJECTIF | C44: 731 | D44: =C44+731 -> 1462 | E44: =D44+731 -> 2193 | F44: =E44+731 -> 2924 | I44: =F44+731 -> 3655 | J44: =I44+731 -> 4386 | K44: =J44+731 -> 5117 | L44: =K44+731 -> 5848 | M44: =L44+731 -> 6579 | P44: =M44+731 -> 7310 | Q44: =P44+731 -> 8041 | R44: =Q44+731 -> 8772 | S44: =R44+731 -> 9503 | T44: =S44+731 -> 10234 | W44: =T44+731 -> 10965 | X44: =W44+731 -> 11696 | Y44: =X44+731 -> 12427 | Z44: =Y44+731 -> 13158 | AA44: =Z44+731 -> 13889 | AD44: =AA44+731 -> 14620 | AE44: =AD44+731 -> 15351 | AF44: =AE44+731 -> 16082
A45: % DE REALISATION | C45: =C43/C44 -> 0.025991792 | D45: =D43/D44 -> 0.14432285 | E45: =E43/E44 -> 0.13679891 | F45: =F43/F44 -> 0.11901505 | I45: =I43/I44 -> 0.20875513 | J45: =J43/J44 -> 0.20405837 | K45: =K43/K44 -> 0.19562244 | L45: =L43/L44 -> 0.31019152 | M45: =M43/M44 -> 0.37315701 | P45: =P43/P44 -> 0.39192886 | Q45: =Q43/Q44 -> 0.4077851 | R45: =R43/R44 -> 0.54172367 | S45: =S43/S44 -> 0.56276965 | T45: =T43/T44 -> 0.60025406 | W45: =W43/W44 -> 0.6873689 | X45: =X43/X44 -> 0.68502052 | Y45: =Y43/Y44 -> 0.69920335 | Z45: =Z43/Z44 -> 0.77405381 | AA45: =AA43/AA44 -> 0.79141767 | AD45: =AD43/AD44 -> 0.81942544 | AE45: =AE43/AE44 -> 0.8601394 | AF45: =AF43/AF44 -> 0.83596568
A48: SETE | B48: 1 | C48: 2 | D48: 3 | E48: 4 | F48: 5 | G48: 6 | H48: 7 | I48: 8 | J48: 9 | K48: 10 | L48: 11 | M48: 12 | N48: 13 | O48: 14 | P48: 15 | Q48: 16 | R48: 17 | S48: 18 | T48: 19 | U48: 20 | V48: 21 | W48: 22 | X48: 23 | Y48: 24 | Z48: 25 | AA48: 26 | AB48: 27 | AC48: 28 | AD48: 29 | AE48: 30 | AF48: 31
A49: CA REALISE (CLIENT CESSION GARANTIE) | C49: 174 | D49: 586 | E49: 747 | F49: 1347 | I49: 1443 | J49: 2281 | K49: 2705 | L49: 3218 | M49: 3320 | P49: 3625 | Q49: 4019 | R49: 4691 | S49: 5067 | T49: 5213 | W49: 5756 | X49: 6066 | Y49: 6652 | Z49: 6882 | AA49: 7114 | AD49: 8975 | AE49: 10003 | AF49: 12649
A50: OBJECTIF | C50: 515 | D50: =C50+515 -> 1030 | E50: =D50+515 -> 1545 | F50: =E50+515 -> 2060 | I50: =F50+515 -> 2575 | J50: =I50+515 -> 3090 | K50: =J50+515 -> 3605 | L50: =K50+515 -> 4120 | M50: =L50+515 -> 4635 | P50: =M50+515 -> 5150 | Q50: =P50+515 -> 5665 | R50: =Q50+515 -> 6180 | S50: =R50+515 -> 6695 | T50: =S50+515 -> 7210 | W50: =T50+515 -> 7725 | X50: =W50+515 -> 8240 | Y50: =X50+515 -> 8755 | Z50: =Y50+515 -> 9270 | AA50: =Z50+515 -> 9785 | AD50: =AA50+515 -> 10300 | AE50: =AD50+515 -> 10815 | AF50: =AE50+515 -> 11330
A51: % DE REALISATION | C51: =C49/C50 -> 0.33786408 | D51: =D49/D50 -> 0.56893204 | E51: =E49/E50 -> 0.48349515 | F51: =F49/F50 -> 0.6538835 | I51: =I49/I50 -> 0.56038835 | J51: =J49/J50 -> 0.7381877 | K51: =K49/K50 -> 0.75034674 | L51: =L49/L50 -> 0.78106796 | M51: =M49/M50 -> 0.7162891 | P51: =P49/P50 -> 0.7038835 | Q51: =Q49/Q50 -> 0.70944395 | R51: =R49/R50 -> 0.75906149 | S51: =S49/S50 -> 0.75683346 | T51: =T49/T50 -> 0.72302358 | W51: =W49/W50 -> 0.74511327 | X51: =X49/X50 -> 0.73616505 | Y51: =Y49/Y50 -> 0.7597944 | Z51: =Z49/Z50 -> 0.74239482 | AA51: =AA49/AA50 -> 0.72703117 | AD51: =AD49/AD50 -> 0.87135922 | AE51: =AE49/AE50 -> 0.92491909 | AF51: =AF49/AF50 -> 1.1164166
A55: CARROSSERIE ST JEAN DE VEDAS | B55: 1 | C55: 2 | D55: 3 | E55: 4 | F55: 5 | G55: 6 | H55: 7 | I55: 8 | J55: 9 | K55: 10 | L55: 11 | M55: 12 | N55: 13 | O55: 14 | P55: 15 | Q55: 16 | R55: 17 | S55: 18 | T55: 19 | U55: 20 | V55: 21 | W55: 22 | X55: 23 | Y55: 24 | Z55: 25 | AA55: 26 | AB55: 27 | AC55: 28 | AD55: 29 | AE55: 30 | AF55: 31
A56: CA REALISE (CLIENT CESSION GARANTIE) | C56: 1032 | D56: 2323 | E56: 3263 | F56: 5957 | I56: 5957 | J56: 9513 | K56: 12243 | L56: 12762 | M56: 18327 | P56: 18655 | Q56: 20989 | R56: 23347 | S56: 29905 | T56: 31598 | W56: 32263 | X56: 33212 | Y56: 34517 | Z56: 38075 | AA56: 39633 | AD56: 41392 | AE56: 43013 | AF56: 44676
A57: OBJECTIF | C57: 2004 | D57: =C57+2004 -> 4008 | E57: =D57+2004 -> 6012 | F57: =E57+2004 -> 8016 | I57: =F57+2004 -> 10020 | J57: =I57+2004 -> 12024 | K57: =J57+2004 -> 14028 | L57: =K57+2004 -> 16032 | M57: =L57+2004 -> 18036 | P57: =M57+2004 -> 20040 | Q57: =P57+2004 -> 22044 | R57: =Q57+2004 -> 24048 | S57: =R57+2004 -> 26052 | T57: =S57+2004 -> 28056 | W57: =T57+2004 -> 30060 | X57: =W57+2004 -> 32064 | Y57: =X57+2004 -> 34068 | Z57: =Y57+2004 -> 36072 | AA57: =Z57+2004 -> 38076 | AD57: =AA57+2004 -> 40080 | AE57: =AD57+2004 -> 42084 | AF57: =AE57+2004 -> 44088
A58: % DE REALISATION | C58: =C56/C57 -> 0.51497006 | D58: =D56/D57 -> 0.57959082 | E58: =E56/E57 -> 0.54274784 | F58: =F56/F57 -> 0.74313872 | I58: =I56/I57 -> 0.59451098 | J58: =J56/J57 -> 0.79116766 | K58: =K56/K57 -> 0.87275449 | L58: =L56/L57 -> 0.79603293 | M58: =M56/M57 -> 1.0161344 | P58: =P56/P57 -> 0.93088822 | Q58: =Q56/Q57 -> 0.95214117 | R58: =R56/R57 -> 0.97084997 | S58: =S56/S57 -> 1.1478965 | T58: =T56/T57 -> 1.1262475 | W58: =W56/W57 -> 1.0732868 | X58: =X56/X57 -> 1.0358034 | Y58: =Y56/Y57 -> 1.0131795 | Z58: =Z56/Z57 -> 1.0555278 | AA58: =AA56/AA57 -> 1.0408919 | AD58: =AD56/AD57 -> 1.0327345 | AE58: =AE56/AE57 -> 1.0220749 | AF58: =AF56/AF57 -> 1.013337
A62: FORD RODEZ | B62: 1 | C62: 2 | D62: 3 | E62: 4 | F62: 5 | G62: 6 | H62: 7 | I62: 8 | J62: 9 | K62: 10 | L62: 11 | M62: 12 | N62: 13 | O62: 14 | P62: 15 | Q62: 16 | R62: 17 | S62: 18 | T62: 19 | U62: 20 | V62: 21 | W62: 22 | X62: 23 | Y62: 24 | Z62: 25 | AA62: 26 | AB62: 27 | AC62: 28 | AD62: 29 | AE62: 30 | AF62: 31
A63: CA REALISE (CLIENT CESSION GARANTIE) | C63: 255 | D63: 514 | E63: 1595 | F63: 2166 | I63: 2428 | J63: 3346 | K63: 3987 | L63: 4669 | M63: 5283 | P63: 5806 | Q63: 6452 | R63: 7265 | S63: 7995 | T63: 9257 | W63: 10335 | X63: 11167 | Y63: 11968 | Z63: 12325 | AA63: 12811 | AD63: 13315 | AE63: 13737 | AF63: 14565
A64: OBJECTIF | C64: 913 | D64: =C64+913 -> 1826 | E64: =D64+913 -> 2739 | F64: =E64+913 -> 3652 | I64: =F64+913 -> 4565 | J64: =I64+913 -> 5478 | K64: =J64+913 -> 6391 | L64: =K64+913 -> 7304 | M64: =L64+913 -> 8217 | P64: =M64+913 -> 9130 | Q64: =P64+913 -> 10043 | R64: =Q64+913 -> 10956 | S64: =R64+913 -> 11869 | T64: =S64+913 -> 12782 | W64: =T64+913 -> 13695 | X64: =W64+913 -> 14608 | Y64: =X64+913 -> 15521 | Z64: =Y64+913 -> 16434 | AA64: =Z64+913 -> 17347 | AD64: =AA64+91 -> 17438 | AE64: =AD64+913 -> 18351 | AF64: =AE64+913 -> 19264
A65: % DE REALISATION | C65: =C63/C64 -> 0.27929901 | D65: =D63/D64 -> 0.28148959 | E65: =E63/E64 -> 0.58232932 | F65: =F63/F64 -> 0.59309967 | I65: =I63/I64 -> 0.53187295 | J65: =J63/J64 -> 0.61080686 | K65: =K63/K64 -> 0.62384603 | L65: =L63/L64 -> 0.63923877 | M65: =M63/M64 -> 0.64293538 | P65: =P63/P64 -> 0.63592552 | Q65: =Q63/Q64 -> 0.64243752 | R65: =R63/R64 -> 0.66310697 | S65: =S63/S64 -> 0.6736035 | T65: =T63/T64 -> 0.72422156 | W65: =W63/W64 -> 0.75465498 | X65: =X63/X64 -> 0.76444414 | Y65: =Y63/Y64 -> 0.77108434 | Z65: =Z63/Z64 -> 0.74996958 | AA65: =AA63/AA64 -> 0.73851386 | AD65: =AD63/AD64 -> 0.76356234 | AE65: =AE63/AE64 -> 0.74856956 | AF65: =AF63/AF64 -> 0.7560735
A69: LAND ROVER RODEZ | B69: 1 | C69: 2 | D69: 3 | E69: 4 | F69: 5 | G69: 6 | H69: 7 | I69: 8 | J69: 9 | K69: 10 | L69: 11 | M69: 12 | N69: 13 | O69: 14 | P69: 15 | Q69: 16 | R69: 17 | S69: 18 | T69: 19 | U69: 20 | V69: 21 | W69: 22 | X69: 23 | Y69: 24 | Z69: 25 | AA69: 26 | AB69: 27 | AC69: 28 | AD69: 29 | AE69: 30 | AF69: 31
A70: CA REALISE (CLIENT CESSION GARANTIE) | C70: 0 | D70: 79 | E70: 151 | F70: 1117 | I70: 1117 | J70: 2530 | K70: 2126 | L70: 3123 | M70: 5221 | P70: 6031 | Q70: 6465 | R70: 7256 | S70: 8483 | T70: 10783 | W70: 11026 | X70: 11342 | Y70: 11934 | Z70: 13255 | AA70: 14673 | AD70: 15063 | AE70: 15525 | AF70: 16920
A71: OBJECTIF | C71: 861 | D71: =C71+861 -> 1722 | E71: =D71+861 -> 2583 | F71: =E71+861 -> 3444 | I71: =F71+861 -> 4305 | J71: =I71+861 -> 5166 | K71: =J71+861 -> 6027 | L71: =K71+861 -> 6888 | M71: =L71+861 -> 7749 | P71: =M71+861 -> 8610 | Q71: =P71+861 -> 9471 | R71: =Q71+861 -> 10332 | S71: =R71+861 -> 11193 | T71: =S71+861 -> 12054 | W71: =T71+861 -> 12915 | X71: =W71+861 -> 13776 | Y71: =X71+861 -> 14637 | Z71: =Y71+861 -> 15498 | AA71: =Z71+861 -> 16359 | AD71: =AA71+861 -> 17220 | AE71: =AD71+861 -> 18081 | AF71: =AE71+861 -> 18942
A72: % DE REALISATION | C72: =C70/C71 -> 0 | D72: =D70/D71 -> 0.045876887 | E72: =E70/E71 -> 0.058459156 | F72: =F70/F71 -> 0.32433217 | I72: =I70/I71 -> 0.25946574 | J72: =J70/J71 -> 0.48974061 | K72: =K70/K71 -> 0.35274598 | L72: =L70/L71 -> 0.45339721 | M72: =M70/M71 -> 0.67376436 | P72: =P70/P71 -> 0.70046458 | Q72: =Q70/Q71 -> 0.68261007 | R72: =R70/R71 -> 0.70228417 | S72: =S70/S71 -> 0.75788439 | T72: =T70/T71 -> 0.89455782 | W72: =W70/W71 -> 0.85373597 | X72: =X70/X71 -> 0.82331591 | Y72: =Y70/Y71 -> 0.81533101 | Z72: =Z70/Z71 -> 0.85527165 | AA72: =AA70/AA71 -> 0.89693747 | AD72: =AD70/AD71 -> 0.87473868 | AE72: =AE70/AE71 -> 0.85863614 | AF72: =AF70/AF71 -> 0.89325309
B109: 1 | C109: 2 | D109: 3 | E109: 4 | F109: 5 | G109: 6 | H109: 7 | I109: 8 | J109: 9 | K109: 10 | L109: 11 | M109: 12 | N109: 13 | O109: 14 | P109: 15 | Q109: 16 | R109: 17 | S109: 18 | T109: 19 | U109: 20 | V109: 21 | W109: 22 | X109: 23 | Y109: 24 | Z109: 25 | AA109: 26 | AB109: 27 | AC109: 28 | AD109: 29 | AE109: 30 | AF109: 31
A110: CA REALISE (CLIENT CESSION GARANTIE)
A111: OBJECTIF
A112: % DE REALISATION

Sheet Février 2018
C1: Suivi objectif réalisation CA par atelier
AE4: =20 -> 20
S5: 5188
A7: GRIM PASSION LATTES | B7: 1 | C7: 2 | D7: 3 | E7: 4 | F7: 5 | G7: 6 | H7: 7 | I7: 8 | J7: 9 | K7: 10 | L7: 11 | M7: 12 | N7: 13 | O7: 14 | P7: 15 | Q7: 16 | R7: 17 | S7: 18 | T7: 19 | U7: 20 | V7: 21 | W7: 22 | X7: 23 | Y7: 24 | Z7: 25 | AA7: 26 | AB7: 27 | AC7: 28
A8: CA REALISE (CLIENT CESSION GARANTIE) | B8: 5140 | C8: 9377 | F8: 13103 | G8: 19795 | H8: 24383 | I8: 31035 | J8: 39045 | M8: 44206 | N8: 50393 | O8: 53762 | P8: 57311 | Q8: 66565 | T8: 68749 | U8: 74818 | V8: 81201 | W8: 88607 | X8: 94536 | AA8: 97967 | AB8: 102938 | AC8: 106079
A9: OBJECTIF | B9: 5856 | C9: =B9+5856 -> 11712 | F9: =C9+5856 -> 17568 | G9: =F9+5856 -> 23424 | H9: =G9+5856 -> 29280 | I9: =H9+5856 -> 35136 | J9: =I9+5856 -> 40992 | M9: =J9+5856 -> 46848 | N9: =M9+5856 -> 52704 | O9: =N9+5856 -> 58560 | P9: =O9+5856 -> 64416 | Q9: =P9+5856 -> 70272 | T9: =Q9+5856 -> 76128 | U9: =T9+5856 -> 81984 | V9: =U9+5856 -> 87840 | W9: =V9+5856 -> 93696 | X9: =W9+5856 -> 99552 | AA9: =X9+5856 -> 105408 | AB9: =AA9+5856 -> 111264 | AC9: =AB9+5856 -> 117120
A10: % DE REALISATION | B10: =B8/B9 -> 0.87773224 | C10: =C8/C9 -> 0.80063183 | F10: =F8/F9 -> 0.74584472 | G10: =G8/G9 -> 0.84507343 | H10: =H8/H9 -> 0.83275273 | I10: =I8/I9 -> 0.8832821 | J10: =J8/J9 -> 0.95250293 | M10: =M8/M9 -> 0.94360485 | N10: =N8/N9 -> 0.95615134 | O10: =O8/O9 -> 0.91806694 | P10: =P8/P9 -> 0.88970132 | Q10: =Q8/Q9 -> 0.94724784 | T10: =T8/T9 -> 0.90307114 | U10: =U8/U9 -> 0.9125927 | V10: =V8/V9 -> 0.9244194 | W10: =W8/W9 -> 0.94568605 | X10: =X8/X9 -> 0.94961427 | AA10: =AA8/AA9 -> 0.92940764 | AB10: =AB8/AB9 -> 0.92516897 | AC10: =AC8/AC9 -> 0.90572917
A14: GRIM PASSION PEROLS | B14: 1 | C14: 2 | D14: 3 | E14: 4 | F14: 5 | G14: 6 | H14: 7 | I14: 8 | J14: 9 | K14: 10 | L14: 11 | M14: 12 | N14: 13 | O14: 14 | P14: 15 | Q14: 16 | R14: 17 | S14: 18 | T14: 19 | U14: 20 | V14: 21 | W14: 22 | X14: 23 | Y14: 24 | Z14: 25 | AA14: 26 | AB14: 27 | AC14: 28
A15: CA REALISE (CLIENT CESSION GARANTIE) | B15: 2168 | C15: 2900 | F15: 3488 | G15: 3514 | H15: 3514 | I15: 4292 | J15: 4638 | M15: 5854 | N15: 6407 | O15: 7231 | P15: 8136 | Q15: 9332 | T15: 9942 | U15: 10258 | V15: 11644 | W15: 11644 | X15: 11933 | AA15: 12021 | AB15: 12409 | AC15: 12409
A16: OBJECTIF | B16: 792 | C16: =B16+792 -> 1584 | F16: =C16+792 -> 2376 | G16: =F16+792 -> 3168 | H16: =G16+792 -> 3960 | I16: =H16+792 -> 4752 | J16: =I16+792 -> 5544 | M16: =J16+792 -> 6336 | N16: =M16+792 -> 7128 | O16: =N16+792 -> 7920 | P16: =O16+792 -> 8712 | Q16: =P16+792 -> 9504 | T16: =Q16+792 -> 10296 | U16: =T16+792 -> 11088 | V16: =U16+792 -> 11880 | W16: =V16+792 -> 12672 | X16: =W16+792 -> 13464 | AA16: =X16+792 -> 14256 | AB16: =AA16+792 -> 15048 | AC16: =AB16+792 -> 15840
A17: % DE REALISATION | B17: =B15/B16 -> 2.7373737 | C17: =C15/C16 -> 1.8308081 | F17: =F15/F16 -> 1.4680135 | G17: =G15/G16 -> 1.1092172 | H17: =H15/H16 -> 0.88737374 | I17: =I15/I16 -> 0.90319865 | J17: =J15/J16 -> 0.83658009 | M17: =M15/M16 -> 0.92392677 | N17: =N15/N16 -> 0.89884961 | O17: =O15/O16 -> 0.91300505 | P17: =P15/P16 -> 0.9338843 | Q17: =Q15/Q16 -> 0.98190236 | T17: =T15/T16 -> 0.96561772 | U17: =U15/U16 -> 0.9251443 | V17: =V15/V16 -> 0.98013468 | W17: =W15/W16 -> 0.91887626 | X17: =X15/X16 -> 0.88628936 | AA17: =AA15/AA16 -> 0.84322391 | AB17: =AB15/AB16 -> 0.82462786 | AC17: =AC15/AC16 -> 0.78339646
A21: PRESTIGE AUTO MONTPELLIER | B21: 1 | C21: 2 | D21: 3 | E21: 4 | F21: 5 | G21: 6 | H21: 7 | I21: 8 | J21: 9 | K21: 10 | L21: 11 | M21: 12 | N21: 13 | O21: 14 | P21: 15 | Q21: 16 | R21: 17 | S21: 18 | T21: 19 | U21: 20 | V21: 21 | W21: 22 | X21: 23 | Y21: 24 | Z21: 25 | AA21: 26 | AB21: 27 | AC21: 28
A22: CA REALISE (CLIENT CESSION GARANTIE) | B22: 1595 | C22: 4356 | F22: 4623 | G22: 5927 | H22: 7383 | I22: 11742 | J22: 14708 | M22: 17106 | N22: 17975 | O22: 18413 | P22: 20860 | Q22: 23542 | T22: 26352 | U22: 27215 | V22: 29700 | W22: 32184 | X22: 34083 | AA22: 37374 | AB22: 38696 | AC22: 39426
A23: OBJECTIF | B23: 2877 | C23: =B23+2877 -> 5754 | F23: =C23+2877 -> 8631 | G23: =F23+2877 -> 11508 | H23: =G23+2877 -> 14385 | I23: =H23+2877 -> 17262 | J23: =I23+2877 -> 20139 | M23: =J23+2877 -> 23016 | N23: =M23+2877 -> 25893 | O23: =N23+2877 -> 28770 | P23: =O23+2877 -> 31647 | Q23: =P23+2877 -> 34524 | T23: =Q23+2877 -> 37401 | U23: =T23+2877 -> 40278 | V23: =U23+2877 -> 43155 | W23: =V23+2877 -> 46032 | X23: =W23+2877 -> 48909 | AA23: =X23+2877 -> 51786 | AB23: =AA23+2877 -> 54663 | AC23: =AB23+3266 -> 57929
A24: % DE REALISATION | B24: =B22/B23 -> 0.55439694 | C24: =C22/C23 -> 0.75703858 | F24: =F22/F23 -> 0.53562739 | G24: =G22/G23 -> 0.51503302 | H24: =H22/H23 -> 0.51324296 | I24: =I22/I23 -> 0.68022245 | J24: =J22/J23 -> 0.73032425 | M24: =M22/M23 -> 0.74322211 | N24: =N22/N23 -> 0.69420307 | O24: =O22/O23 -> 0.64000695 | P24: =P22/P23 -> 0.65914621 | Q24: =Q22/Q23 -> 0.68190244 | T24: =T22/T23 -> 0.70458009 | U24: =U22/U23 -> 0.67567903 | V24: =V22/V23 -> 0.68821689 | W24: =W22/W23 -> 0.6991658 | X24: =X22/X23 -> 0.69686561 | AA24: =AA22/AA23 -> 0.72170085 | AB24: =AB22/AB23 -> 0.70790114 | AC24: =AC22/AC23 -> 0.68059176
A28: PRESTIGE AUTO NIMES | B28: 1 | C28: 2 | D28: 3 | E28: 4 | F28: 5 | G28: 6 | H28: 7 | I28: 8 | J28: 9 | K28: 10 | L28: 11 | M28: 12 | N28: 13 | O28: 14 | P28: 15 | Q28: 16 | R28: 17 | S28: 18 | T28: 19 | U28: 20 | V28: 21 | W28: 22 | X28: 23 | Y28: 24 | Z28: 25 | AA28: 26 | AB28: 27 | AC28: 28
A29: CA REALISE (CLIENT CESSION GARANTIE) | B29: 358 | C29: 3046 | F29: 3652 | G29: 4934 | H29: 5819 | I29: 9353 | J29: 11600 | M29: 12045 | N29: 13706 | O29: 15316 | P29: 16498 | Q29: 16548 | T29: 16548 | U29: 17417 | V29: 18073 | W29: 18992 | X29: 20109 | AA29: 20557 | AB29: 25181 | AC29: 27940
A30: OBJECTIF | B30: 1770 | C30: =B30+1770 -> 3540 | F30: =C30+1770 -> 5310 | G30: =F30+1770 -> 7080 | H30: =G30+1770 -> 8850 | I30: =H30+1770 -> 10620 | J30: =I30+1770 -> 12390 | M30: =J30+1770 -> 14160 | N30: =M30+1770 -> 15930 | O30: =N30+1770 -> 17700 | P30: =O30+1770 -> 19470 | Q30: =P30+1770 -> 21240 | T30: =Q30+1770 -> 23010 | U30: =T30+1770 -> 24780 | V30: =U30+1770 -> 26550 | W30: =V30+1770 -> 28320 | X30: =W30+1770 -> 30090 | AA30: =X30+1770 -> 31860 | AB30: =AA30+1770 -> 33630 | AC30: =AB30+1770 -> 35400
A31: % DE REALISATION | B31: =B29/B30 -> 0.20225989 | C31: =C29/C30 -> 0.86045198 | F31: =F29/F30 -> 0.68775895 | G31: =G29/G30 -> 0.69689266 | H31: =H29/H30 -> 0.65751412 | I31: =I29/I30 -> 0.8806968 | J31: =J29/J30 -> 0.9362389 | M31: =M29/M30 -> 0.85063559 | N31: =N29/N30 -> 0.8603892 | O31: =O29/O30 -> 0.86531073 | P31: =P29/P30 -> 0.8473549 | Q31: =Q29/Q30 -> 0.77909605 | T31: =T29/T30 -> 0.71916558 | U31: =U29/U30 -> 0.70286521 | V31: =V29/V30 -> 0.68071563 | W31: =W29/W30 -> 0.67062147 | X31: =X29/X30 -> 0.66829511 | AA31: =AA29/AA30 -> 0.64522913 | AB31: =AB29/AB30 -> 0.74876598 | AC31: =AC29/AC30 -> 0.78926554
A35: FORD LATTES | B35: 1 | C35: 2 | D35: 3 | E35: 4 | F35: 5 | G35: 6 | H35: 7 | I35: 8 | J35: 9 | K35: 10 | L35: 11 | M35: 12 | N35: 13 | O35: 14 | P35: 15 | Q35: 16 | R35: 17 | S35: 18 | T35: 19 | U35: 20 | V35: 21 | W35: 22 | X35: 23 | Y35: 24 | Z35: 25 | AA35: 26 | AB35: 27 | AC35: 28
A36: CA REALISE (CLIENT CESSION GARANTIE) | B36: 2240 | C36: 5507 | F36: 8033 | G36: 10294 | H36: 12296 | I36: 15184 | J36: 19525 | M36: 22821 | N36: 26029 | O36: 28937 | P36: 33730 | Q36: 36899 | T36: 38855 | U36: 41006 | V36: 43322 | W36: 45188 | X36: 48412 | AA36: 50572 | AB36: 53887 | AC36: 58609
A37: OBJECTIF | B37: 3262 | C37: =B37+3262 -> 6524 | F37: =C37+3262 -> 9786 | G37: =F37+3262 -> 13048 | H37: =G37+3262 -> 16310 | I37: =H37+3262 -> 19572 | J37: =I37+3262 -> 22834 | M37: =J37+3262 -> 26096 | N37: =M37+3262 -> 29358 | O37: =N37+3262 -> 32620 | P37: =O37+3262 -> 35882 | Q37: =P37+3262 -> 39144 | T37: =Q37+3262 -> 42406 | U37: =T37+3262 -> 45668 | V37: =U37+3262 -> 48930 | W37: =V37+3262 -> 52192 | X37: =W37+3262 -> 55454 | AA37: =X37+3262 -> 58716 | AB37: =AA37+3262 -> 61978 | AC37: =AB37+3262 -> 65240
A38: % DE REALISATION | B38: =B36/B37 -> 0.68669528 | C38: =C36/C37 -> 0.84411404 | F38: =F36/F37 -> 0.82086654 | G38: =G36/G37 -> 0.78893317 | H38: =H36/H37 -> 0.75389332 | I38: =I36/I37 -> 0.77580217 | J38: =J36/J37 -> 0.85508452 | M38: =M36/M37 -> 0.87450184 | N38: =N36/N37 -> 0.88660672 | O38: =O36/O37 -> 0.88709381 | P38: =P36/P37 -> 0.94002564 | Q38: =Q36/Q37 -> 0.94264766 | T38: =T36/T37 -> 0.91626185 | U38: =U36/U37 -> 0.89791539 | V38: =V36/V37 -> 0.88538729 | W38: =W36/W37 -> 0.86580319 | X38: =X36/X37 -> 0.87301187 | AA38: =AA36/AA37 -> 0.86129845 | AB38: =AB36/AB37 -> 0.86945368 | AC38: =AC36/AC37 -> 0.8983599
A42: FORD PEROLS | B42: 1 | C42: 2 | D42: 3 | E42: 4 | F42: 5 | G42: 6 | H42: 7 | I42: 8 | J42: 9 | K42: 10 | L42: 11 | M42: 12 | N42: 13 | O42: 14 | P42: 15 | Q42: 16 | R42: 17 | S42: 18 | T42: 19 | U42: 20 | V42: 21 | W42: 22 | X42: 23 | Y42: 24 | Z42: 25 | AA42: 26 | AB42: 27 | AC42: 28
A43: CA REALISE (CLIENT CESSION GARANTIE) | B43: 835 | C43: 1469 | F43: 1868 | G43: 2218 | H43: 2367 | I43: 3234 | J43: 4379 | M43: 5097 | N43: 5692 | O43: 6547 | P43: 7046 | Q43: 8774 | T43: 9518 | U43: 11717 | V43: 12350 | W43: 12552 | X43: 12854 | AA43: 13511 | AB43: 14115 | AC43: 14144
A44: OBJECTIF | B44: 731 | C44: =B44+731 -> 1462 | F44: =C44+731 -> 2193 | G44: =F44+731 -> 2924 | H44: =G44+731 -> 3655 | I44: =H44+731 -> 4386 | J44: =I44+731 -> 5117 | M44: =J44+731 -> 5848 | N44: =M44+731 -> 6579 | O44: =N44+731 -> 7310 | P44: =O44+731 -> 8041 | Q44: =P44+731 -> 8772 | T44: =Q44+731 -> 9503 | U44: =T44+731 -> 10234 | V44: =U44+731 -> 10965 | W44: =V44+731 -> 11696 | X44: =W44+731 -> 12427 | AA44: =X44+731 -> 13158 | AB44: =AA44+731 -> 13889 | AC44: =AB44+731 -> 14620
A45: % DE REALISATION | B45: =B43/B44 -> 1.1422709 | C45: =C43/C44 -> 1.004788 | F45: =F43/F44 -> 0.85180119 | G45: =G43/G44 -> 0.75854993 | H45: =H43/H44 -> 0.64760602 | I45: =I43/I44 -> 0.7373461 | J45: =J43/J44 -> 0.85577487 | M45: =M43/M44 -> 0.87158003 | N45: =N43/N44 -> 0.86517708 | O45: =O43/O44 -> 0.89562244 | P45: =P43/P44 -> 0.87625917 | Q45: =Q43/Q44 -> 1.000228 | T45: =T43/T44 -> 1.0015784 | U45: =U43/U44 -> 1.1449091 | V45: =V43/V44 -> 1.126311 | W45: =W43/W44 -> 1.0731874 | X45: =X43/X44 -> 1.0343607 | AA45: =AA43/AA44 -> 1.0268278 | AB45: =AB43/AB44 -> 1.0162719 | AC45: =AC43/AC44 -> 0.96744186
A48: SETE | B48: 1 | C48: 2 | D48: 3 | E48: 4 | F48: 5 | G48: 6 | H48: 7 | I48: 8 | J48: 9 | K48: 10 | L48: 11 | M48: 12 | N48: 13 | O48: 14 | P48: 15 | Q48: 16 | R48: 17 | S48: 18 | T48: 19 | U48: 20 | V48: 21 | W48: 22 | X48: 23 | Y48: 24 | Z48: 25 | AA48: 26 | AB48: 27 | AC48: 28
A49: CA REALISE (CLIENT CESSION GARANTIE) | B49: 726 | C49: 1857 | F49: 1918 | G49: 2301 | H49: 3250 | I49: 4003 | J49: 4659 | M49: 5166 | N49: 5430 | O49: 5531 | P49: 6294 | Q49: 6619 | T49: 6619 | U49: 7014 | V49: 7273 | W49: 7521 | X49: 7997.76 | AA49: 8478 | AB49: 9901 | AC49: 10454
A50: OBJECTIF | B50: 515 | C50: =B50+515 -> 1030 | F50: =C50+515 -> 1545 | G50: =F50+515 -> 2060 | H50: =G50+515 -> 2575 | I50: =H50+515 -> 3090 | J50: =I50+515 -> 3605 | M50: =J50+515 -> 4120 | N50: =M50+515 -> 4635 | O50: =N50+515 -> 5150 | P50: =O50+515 -> 5665 | Q50: =P50+515 -> 6180 | T50: =Q50+515 -> 6695 | U50: =T50+515 -> 7210 | V50: =U50+515 -> 7725 | W50: =V50+515 -> 8240 | X50: =W50+515 -> 8755 | AA50: =X50+515 -> 9270 | AB50: =AA50+515 -> 9785 | AC50: =AB50+515 -> 10300
A51: % DE REALISATION | B51: =B49/B50 -> 1.4097087 | C51: =C49/C50 -> 1.8029126 | F51: =F49/F50 -> 1.2414239 | G51: =G49/G50 -> 1.1169903 | H51: =H49/H50 -> 1.2621359 | I51: =I49/I50 -> 1.2954693 | J51: =J49/J50 -> 1.2923717 | M51: =M49/M50 -> 1.2538835 | N51: =N49/N50 -> 1.171521 | O51: =O49/O50 -> 1.0739806 | P51: =P49/P50 -> 1.1110327 | Q51: =Q49/Q50 -> 1.0710356 | T51: =T49/T50 -> 0.98864824 | U51: =U49/U50 -> 0.97281553 | V51: =V49/V50 -> 0.94148867 | W51: =W49/W50 -> 0.91274272 | X51: =X49/X50 -> 0.91350771 | AA51: =AA49/AA50 -> 0.91456311 | AB51: =AB49/AB50 -> 1.0118549 | AC51: =AC49/AC50 -> 1.0149515
A55: CARROSSERIE ST JEAN DE VEDAS | B55: 1 | C55: 2 | D55: 3 | E55: 4 | F55: 5 | G55: 6 | H55: 7 | I55: 8 | J55: 9 | K55: 10 | L55: 11 | M55: 12 | N55: 13 | O55: 14 | P55: 15 | Q55: 16 | R55: 17 | S55: 18 | T55: 19 | U55: 20 | V55: 21 | W55: 22 | X55: 23 | Y55: 24 | Z55: 25 | AA55: 26 | AB55: 27 | AC55: 28
A56: CA REALISE (CLIENT CESSION GARANTIE) | B56: 3641 | C56: 5231 | F56: 5764 | G56: 8701 | H56: 10894 | I56: 11516 | J56: 13696 | M56: 17359 | N56: 18768 | O56: 20252 | P56: 23997 | Q56: 25519 | T56: 26352 | U56: 28735 | V56: 30405 | W56: 35907 | X56: 38748.71 | AA56: 38909 | AB56: 42238 | AC56: 42203
A57: OBJECTIF | B57: 2004 | C57: =B57+2004 -> 4008 | F57: =C57+2004 -> 6012 | G57: =F57+2004 -> 8016 | H57: =G57+2004 -> 10020 | I57: =H57+2004 -> 12024 | J57: =I57+2004 -> 14028 | M57: =J57+2004 -> 16032 | N57: =M57+2004 -> 18036 | O57: =N57+2004 -> 20040 | P57: =O57+2004 -> 22044 | Q57: =P57+2004 -> 24048 | T57: =Q57+2004 -> 26052 | U57: =T57+2004 -> 28056 | V57: =U57+2004 -> 30060 | W57: =V57+2004 -> 32064 | X57: =W57+2004 -> 34068 | AA57: =X57+2004 -> 36072 | AB57: =AA57+2004 -> 38076 | AC57: =AB57+2004 -> 40080
A58: % DE REALISATION | B58: =B56/B57 -> 1.8168663 | C58: =C56/C57 -> 1.3051397 | F58: =F56/F57 -> 0.95874917 | G58: =G56/G57 -> 1.0854541 | H58: =H56/H57 -> 1.0872255 | I58: =I56/I57 -> 0.95775116 | J58: =J56/J57 -> 0.97633305 | M58: =M56/M57 -> 1.082772 | N58: =N56/N57 -> 1.0405855 | O58: =O56/O57 -> 1.0105788 | P58: =P56/P57 -> 1.0885955 | Q58: =Q56/Q57 -> 1.0611693 | T58: =T56/T57 -> 1.0115154 | U58: =U56/U57 -> 1.0242016 | V58: =V56/V57 -> 1.011477 | W58: =W56/W57 -> 1.119854 | X58: =X56/X57 -> 1.1373932 | AA58: =AA56/AA57 -> 1.0786483 | AB58: =AB56/AB57 -> 1.1093077 | AC58: =AC56/AC57 -> 1.0529691
A62: FORD RODEZ | B62: 1 | C62: 2 | D62: 3 | E62: 4 | F62: 5 | G62: 6 | H62: 7 | I62: 8 | J62: 9 | K62: 10 | L62: 11 | M62: 12 | N62: 13 | O62: 14 | P62: 15 | Q62: 16 | R62: 17 | S62: 18 | T62: 19 | U62: 20 | V62: 21 | W62: 22 | X62: 23 | Y62: 24 | Z62: 25 | AA62: 26 | AB62: 27 | AC62: 28
A63: CA REALISE (CLIENT CESSION GARANTIE) | B63: 516 | C63: 961 | F63: 1509 | G63: 2336 | H63: 3036 | I63: 4038 | J63: 4790 | M63: 5964 | N63: 6260 | O63: 7017 | P63: 7447 | Q63: 8047 | T63: 8465 | U63: 9183 | V63: 10385 | W63: 10920 | X63: 12549 | AA63: 13396 | AB63: 14267 | AC63: 18333
A64: OBJECTIF | B64: 913 | C64: =B64+913 -> 1826 | F64: =C64+913 -> 2739 | G64: =F64+913 -> 3652 | H64: =G64+913 -> 4565 | I64: =H64+913 -> 5478 | J64: =I64+913 -> 6391 | M64: =J64+913 -> 7304 | N64: =M64+913 -> 8217 | O64: =N64+913 -> 9130 | P64: =O64+913 -> 10043 | Q64: =P64+913 -> 10956 | T64: =Q64+913 -> 11869 | U64: =T64+913 -> 12782 | V64: =U64+913 -> 13695 | W64: =V64+913 -> 14608 | X64: =W64+913 -> 15521 | AA64: =X64+913 -> 16434 | AB64: =AA64+913 -> 17347 | AC64: =AB64+913 -> 18260
A65: % DE REALISATION | B65: =B63/B64 -> 0.56516977 | C65: =C63/C64 -> 0.52628697 | F65: =F63/F64 -> 0.550931 | G65: =G63/G64 -> 0.63964951 | H65: =H63/H64 -> 0.66506024 | I65: =I63/I64 -> 0.73713034 | J65: =J63/J64 -> 0.74949147 | M65: =M63/M64 -> 0.81653888 | N65: =N63/N64 -> 0.76183522 | O65: =O63/O64 -> 0.76856517 | P65: =P63/P64 -> 0.7415115 | Q65: =Q63/Q64 -> 0.73448339 | T65: =T63/T64 -> 0.71320246 | U65: =U63/U64 -> 0.71843217 | V65: =V63/V64 -> 0.75830595 | W65: =W63/W64 -> 0.7475356 | X65: =X63/X64 -> 0.80851749 | AA65: =AA63/AA64 -> 0.81513935 | AB65: =AB63/AB64 -> 0.82244769 | AC65: =AC63/AC64 -> 1.0039978
A69: LAND ROVER RODEZ | B69: 1 | C69: 2 | D69: 3 | E69: 4 | F69: 5 | G69: 6 | H69: 7 | I69: 8 | J69: 9 | K69: 10 | L69: 11 | M69: 12 | N69: 13 | O69: 14 | P69: 15 | Q69: 16 | R69: 17 | S69: 18 | T69: 19 | U69: 20 | V69: 21 | W69: 22 | X69: 23 | Y69: 24 | Z69: 25 | AA69: 26 | AB69: 27 | AC69: 28
A70: CA REALISE (CLIENT CESSION GARANTIE) | B70: 130 | C70: 550 | F70: 1577 | G70: 1803 | H70: 2868 | I70: 2868 | J70: 3642 | M70: 3778 | N70: 4013 | O70: 4770 | P70: 5011 | Q70: 5677 | T70: 5851 | U70: 6545 | V70: 7136 | W70: 7804 | X70: 9098 | AA70: 9559 | AB70: 10068 | AC70: 12896
A71: OBJECTIF | B71: 861 | C71: =B71+861 -> 1722 | F71: =C71+861 -> 2583 | G71: =F71+861 -> 3444 | H71: =G71+861 -> 4305 | I71: =H71+861 -> 5166 | J71: =I71+861 -> 6027 | M71: =J71+861 -> 6888 | N71: =M71+861 -> 7749 | O71: =N71+861 -> 8610 | P71: =O71+861 -> 9471 | Q71: =P71+861 -> 10332 | T71: =Q71+861 -> 11193 | U71: =T71+861 -> 12054 | V71: =U71+861 -> 12915 | W71: =V71+861 -> 13776 | X71: =W71+861 -> 14637 | AA71: =X71+861 -> 15498 | AB71: =AA71+861 -> 16359 | AC71: =AB71+861 -> 17220
A72: % DE REALISATION | B72: =B70/B71 -> 0.15098722 | C72: =C70/C71 -> 0.31939605 | F72: =F70/F71 -> 0.61053039 | G72: =G70/G71 -> 0.52351916 | H72: =H70/H71 -> 0.66620209 | I72: =I70/I71 -> 0.55516841 | J72: =J70/J71 -> 0.60428074 | M72: =M70/M71 -> 0.54849013 | N72: =N70/N71 -> 0.51787327 | O72: =O70/O71 -> 0.55400697 | P72: =P70/P71 -> 0.5290888 | Q72: =Q70/Q71 -> 0.54945799 | T72: =T70/T71 -> 0.52273743 | U72: =U70/U71 -> 0.54297329 | V72: =V70/V71 -> 0.55253581 | W72: =W70/W71 -> 0.56649245 | X72: =X70/X71 -> 0.62157546 | AA72: =AA70/AA71 -> 0.61678926 | AB72: =AB70/AB71 -> 0.61544104 | AC72: =AC70/AC71 -> 0.74889663

Sheet Mars 2018
C1: Suivi objectif réalisation CA par atelier
AH4: =22 -> 22
S5: 5188
A7: GRIM PASSION LATTES | B7: 1 | C7: 2 | D7: 3 | E7: 4 | F7: 5 | G7: 6 | H7: 7 | I7: 8 | J7: 9 | K7: 10 | L7: 11 | M7: 12 | N7: 13 | O7: 14 | P7: 15 | Q7: 16 | R7: 17 | S7: 18 | T7: 19 | U7: 20 | V7: 21 | W7: 22 | X7: 23 | Y7: 24 | Z7: 25 | AA7: 26 | AB7: 27 | AC7: 28 | AD7: 29 | AE7: 30 | AF7: 31
A8: CA REALISE (CLIENT CESSION GARANTIE) | C8: 8652 | F8: 13629 | G8: 17502.93 | H8: 21001 | I8: 28685 | J8: 38014 | M8: 42088 | N8: 45781 | O8: 53489 | P8: 58112 | Q8: 63294 | T8: 69102 | U8: 74582 | V8: 83053 | W8: 89563 | X8: 95289 | AA8: 99526 | AB8: 102478 | AC8: 108493 | AD8: 114402 | AE8: 121927
A9: OBJECTIF | B9: 5856 | C9: =B9+5856 -> 11712 | F9: =C9+5856 -> 17568 | G9: =F9+5856 -> 23424 | H9: =G9+5856 -> 29280 | I9: =H9+5856 -> 35136 | J9: =I9+5856 -> 40992 | M9: =J9+5856 -> 46848 | N9: =M9+5856 -> 52704 | O9: =N9+5856 -> 58560 | P9: =O9+5856 -> 64416 | Q9: =P9+5856 -> 70272 | T9: =Q9+5856 -> 76128 | U9: =T9+5856 -> 81984 | V9: =U9+5856 -> 87840 | W9: =V9+5856 -> 93696 | X9: =W9+5856 -> 99552 | AA9: =X9+5856 -> 105408 | AB9: =AA9+5856 -> 111264 | AC9: =AB9+5856 -> 117120 | AD9: =AC9+5856 -> 122976 | AE9: =AD9+5856 -> 128832
A10: % DE REALISATION | B10: =B8/B9 -> 0 | C10: =C8/C9 -> 0.73872951 | F10: =F8/F9 -> 0.77578552 | G10: =G8/G9 -> 0.74722208 | H10: =H8/H9 -> 0.71724727 | I10: =I8/I9 -> 0.81639913 | J10: =J8/J9 -> 0.92735168 | M10: =M8/M9 -> 0.89839481 | N10: =N8/N9 -> 0.86864375 | O10: =O8/O9 -> 0.91340505 | P10: =P8/P9 -> 0.90213612 | Q10: =Q8/Q9 -> 0.90070014 | T10: =T8/T9 -> 0.90770807 | U10: =U8/U9 -> 0.90971409 | V10: =V8/V9 -> 0.94550319 | W10: =W8/W9 -> 0.95588926 | X10: =X8/X9 -> 0.95717816 | AA10: =AA8/AA9 -> 0.94419778 | AB10: =AB8/AB9 -> 0.92103466 | AC10: =AC8/AC9 -> 0.92634051 | AD10: =AD8/AD9 -> 0.93027908 | AE10: =AE8/AE9 -> 0.94640307
AH12: =AE9+AE16 -> 146256
A14: GRIM PASSION PEROLS | B14: 1 | C14: 2 | D14: 3 | E14: 4 | F14: 5 | G14: 6 | H14: 7 | I14: 8 | J14: 9 | K14: 10 | L14: 11 | M14: 12 | N14: 13 | O14: 14 | P14: 15 | Q14: 16 | R14: 17 | S14: 18 | T14: 19 | U14: 20 | V14: 21 | W14: 22 | X14: 23 | Y14: 24 | Z14: 25 | AA14: 26 | AB14: 27 | AC14: 28 | AD14: 29 | AE14: 30 | AF14: 31
A15: CA REALISE (CLIENT CESSION GARANTIE) | C15: 1745 | F15: 1804 | G15: 1804 | H15: 1804 | I15: 1804 | J15: 1822 | M15: 2391 | N15: 2673 | O15: 2673 | P15: 2673 | Q15: 3119 | T15: 3393 | U15: 4571 | V15: 5481 | W15: 5481 | X15: 6889 | AA15: 7484 | AB15: 7728 | AC15: 8565 | AD15: 8870 | AE15: 10558
A16: OBJECTIF | B16: 792 | C16: =B16+792 -> 1584 | F16: =C16+792 -> 2376 | G16: =F16+792 -> 3168 | H16: =G16+792 -> 3960 | I16: =H16+792 -> 4752 | J16: =I16+792 -> 5544 | M16: =J16+792 -> 6336 | N16: =M16+792 -> 7128 | O16: =N16+792 -> 7920 | P16: =O16+792 -> 8712 | Q16: =P16+792 -> 9504 | T16: =Q16+792 -> 10296 | U16: =T16+792 -> 11088 | V16: =U16+792 -> 11880 | W16: =V16+792 -> 12672 | X16: =W16+792 -> 13464 | AA16: =X16+792 -> 14256 | AB16: =AA16+792 -> 15048 | AC16: =AB16+792 -> 15840 | AD16: =AC16+792 -> 16632 | AE16: =AD16+792 -> 17424
A17: % DE REALISATION | B17: =B15/B16 -> 0 | C17: =C15/C16 -> 1.1016414 | F17: =F15/F16 -> 0.75925926 | G17: =G15/G16 -> 0.56944444 | H17: =H15/H16 -> 0.45555556 | I17: =I15/I16 -> 0.37962963 | J17: =J15/J16 -> 0.32864358 | M17: =M15/M16 -> 0.37736742 | N17: =N15/N16 -> 0.375 | O17: =O15/O16 -> 0.3375 | P17: =P15/P16 -> 0.30681818 | Q17: =Q15/Q16 -> 0.32817761 | T17: =T15/T16 -> 0.32954545 | U17: =U15/U16 -> 0.41224747 | V17: =V15/V16 -> 0.46136364 | W17: =W15/W16 -> 0.43252841 | X17: =X15/X16 -> 0.51166072 | AA17: =AA15/AA16 -> 0.52497194 | AB17: =AB15/AB16 -> 0.51355662 | AC17: =AC15/AC16 -> 0.5407197 | AD17: =AD15/AD16 -> 0.53330928 | AE17: =AE15/AE16 -> 0.60594582
A21: PRESTIGE AUTO MONTPELLIER | B21: 1 | C21: 2 | D21: 3 | E21: 4 | F21: 5 | G21: 6 | H21: 7 | I21: 8 | J21: 9 | K21: 10 | L21: 11 | M21: 12 | N21: 13 | O21: 14 | P21: 15 | Q21: 16 | R21: 17 | S21: 18 | T21: 19 | U21: 20 | V21: 21 | W21: 22 | X21: 23 | Y21: 24 | Z21: 25 | AA21: 26 | AB21: 27 | AC21: 28 | AD21: 29 | AE21: 30 | AF21: 31
A22: CA REALISE (CLIENT CESSION GARANTIE) | C22: 7053 | F22: 8603 | G22: 9148 | H22: 11153 | I22: 14138 | J22: 15279 | M22: 17136 | N22: 17655 | O22: 19550 | P22: 21260 | Q22: 24295 | T22: 25169 | U22: 31515 | V22: 31854 | W22: 33666 | X22: 37024 | AA22: 39173 | AB22: 41819 | AC22: 45422 | AD22: 46777 | AE22: 53101
A23: OBJECTIF | B23: 2877 | C23: =B23+2877 -> 5754 | F23: =C23+2877 -> 8631 | G23: =F23+2877 -> 11508 | H23: =G23+2877 -> 14385 | I23: =H23+2877 -> 17262 | J23: =I23+2877 -> 20139 | M23: =J23+2877 -> 23016 | N23: =M23+2877 -> 25893 | O23: =N23+2877 -> 28770 | P23: =O23+2877 -> 31647 | Q23: =P23+2877 -> 34524 | T23: =Q23+2877 -> 37401 | U23: =T23+2877 -> 40278 | V23: =U23+2877 -> 43155 | W23: =V23+2877 -> 46032 | X23: =W23+2877 -> 48909 | AA23: =X23+2877 -> 51786 | AB23: =AA23+2877 -> 54663 | AC23: =AB23+2877 -> 57540 | AD23: =AC23+2877 -> 60417 | AE23: =AD23+2877 -> 63294
A24: % DE REALISATION | B24: =B22/B23 -> 0 | C24: =C22/C23 -> 1.225756 | F24: =F22/F23 -> 0.99675588 | G24: =G22/G23 -> 0.79492527 | H24: =H22/H23 -> 0.77532152 | I24: =I22/I23 -> 0.81902445 | J24: =J22/J23 -> 0.75867719 | M24: =M22/M23 -> 0.74452555 | N24: =N22/N23 -> 0.68184451 | O24: =O22/O23 -> 0.67952729 | P24: =P22/P23 -> 0.67178564 | Q24: =Q22/Q23 -> 0.70371336 | T24: =T22/T23 -> 0.67294992 | U24: =U22/U23 -> 0.78243706 | V24: =V22/V23 -> 0.73813 | W24: =W22/W23 -> 0.73136079 | X24: =X22/X23 -> 0.75699769 | AA24: =AA22/AA23 -> 0.75643996 | AB24: =AB22/AB23 -> 0.76503302 | AC24: =AC22/AC23 -> 0.78939868 | AD24: =AD22/AD23 -> 0.77423573 | AE24: =AE22/AE23 -> 0.83895788
A28: PRESTIGE AUTO NIMES | B28: 1 | C28: 2 | D28: 3 | E28: 4 | F28: 5 | G28: 6 | H28: 7 | I28: 8 | J28: 9 | K28: 10 | L28: 11 | M28: 12 | N28: 13 | O28: 14 | P28: 15 | Q28: 16 | R28: 17 | S28: 18 | T28: 19 | U28: 20 | V28: 21 | W28: 22 | X28: 23 | Y28: 24 | Z28: 25 | AA28: 26 | AB28: 27 | AC28: 28 | AD28: 29 | AE28: 30 | AF28: 31
A29: CA REALISE (CLIENT CESSION GARANTIE) | C29: 2605 | F29: 3495 | G29: 4523 | H29: 5851 | I29: 6630 | J29: 7235 | M29: 8013 | N29: 10852 | O29: 10948 | P29: 13742 | Q29: 14974 | T29: 17094 | U29: 17515 | V29: 18789 | W29: 18915 | X29: 20754 | AA29: 22058 | AB29: 25262 | AC29: 27078 | AD29: 29161 | AE29: 33339
A30: OBJECTIF | B30: 1770 | C30: =B30+1770 -> 3540 | F30: =C30+1770 -> 5310 | G30: =F30+1770 -> 7080 | H30: =G30+1770 -> 8850 | I30: =H30+1770 -> 10620 | J30: =I30+1770 -> 12390 | M30: =J30+1770 -> 14160 | N30: =M30+1770 -> 15930 | O30: =N30+1770 -> 17700 | P30: =O30+1770 -> 19470 | Q30: =P30+1770 -> 21240 | T30: =Q30+1770 -> 23010 | U30: =T30+1770 -> 24780 | V30: =U30+1770 -> 26550 | W30: =V30+1770 -> 28320 | X30: =W30+1770 -> 30090 | AA30: =X30+1770 -> 31860 | AB30: =AA30+1770 -> 33630 | AC30: =AB30+1770 -> 35400 | AD30: =AC30+1770 -> 37170 | AE30: =AD30+1770 -> 38940
A31: % DE REALISATION | B31: =B29/B30 -> 0 | C31: =C29/C30 -> 0.73587571 | F31: =F29/F30 -> 0.65819209 | G31: =G29/G30 -> 0.63884181 | H31: =H29/H30 -> 0.66112994 | I31: =I29/I30 -> 0.62429379 | J31: =J29/J30 -> 0.58393866 | M31: =M29/M30 -> 0.56588983 | N31: =N29/N30 -> 0.68123038 | O31: =O29/O30 -> 0.61853107 | P31: =P29/P30 -> 0.7058038 | Q31: =Q29/Q30 -> 0.70499058 | T31: =T29/T30 -> 0.74289439 | U31: =U29/U30 -> 0.70682002 | V31: =V29/V30 -> 0.70768362 | W31: =W29/W30 -> 0.66790254 | X31: =X29/X30 -> 0.68973081 | AA31: =AA29/AA30 -> 0.69234149 | AB31: =AB29/AB30 -> 0.75117455 | AC31: =AC29/AC30 -> 0.76491525 | AD31: =AD29/AD30 -> 0.78453054 | AE31: =AE29/AE30 -> 0.85616333
A35: FORD LATTES | B35: 1 | C35: 2 | D35: 3 | E35: 4 | F35: 5 | G35: 6 | H35: 7 | I35: 8 | J35: 9 | K35: 10 | L35: 11 | M35: 12 | N35: 13 | O35: 14 | P35: 15 | Q35: 16 | R35: 17 | S35: 18 | T35: 19 | U35: 20 | V35: 21 | W35: 22 | X35: 23 | Y35: 24 | Z35: 25 | AA35: 26 | AB35: 27 | AC35: 28 | AD35: 29 | AE35: 30 | AF35: 31
A36: CA REALISE (CLIENT CESSION GARANTIE) | C36: 1137 | F36: 2789 | G36: 6736 | H36: 8243 | I36: 9196 | J36: 12165 | M36: 14655 | N36: 19372 | O36: 21485 | P36: 22728 | Q36: 27013 | T36: 30884 | U36: 32886 | V36: 37137 | W36: 40588 | X36: 43591 | AA36: 45432 | AB36: 48972 | AC36: 53311 | AD36: 55604 | AE36: 60653
A37: OBJECTIF | B37: 3262 | C37: =B37+3262 -> 6524 | F37: =C37+3262 -> 9786 | G37: =F37+3262 -> 13048 | H37: =G37+3262 -> 16310 | I37: =H37+3262 -> 19572 | J37: =I37+3262 -> 22834 | M37: =J37+3262 -> 26096 | N37: =M37+3262 -> 29358 | O37: =N37+3262 -> 32620 | P37: =O37+3262 -> 35882 | Q37: =P37+3262 -> 39144 | T37: =Q37+3262 -> 42406 | U37: =T37+3262 -> 45668 | V37: =U37+3262 -> 48930 | W37: =V37+3262 -> 52192 | X37: =W37+3262 -> 55454 | AA37: =X37+3262 -> 58716 | AB37: =AA37+3262 -> 61978 | AC37: =AB37+3262 -> 65240 | AD37: =AC37+3262 -> 68502 | AE37: =AD37+3262 -> 71764
A38: % DE REALISATION | B38: =B36/B37 -> 0 | C38: =C36/C37 -> 0.17427958 | F38: =F36/F37 -> 0.28499898 | G38: =G36/G37 -> 0.5162477 | H38: =H36/H37 -> 0.50539546 | I38: =I36/I37 -> 0.46985489 | J38: =J36/J37 -> 0.53275817 | M38: =M36/M37 -> 0.56158032 | N38: =N36/N37 -> 0.65985421 | O38: =O36/O37 -> 0.658645 | P38: =P36/P37 -> 0.63340951 | Q38: =Q36/Q37 -> 0.69009299 | T38: =T36/T37 -> 0.72829317 | U38: =U36/U37 -> 0.72011036 | V38: =V36/V37 -> 0.75898222 | W38: =W36/W37 -> 0.77766708 | X38: =X36/X37 -> 0.78607494 | AA38: =AA36/AA37 -> 0.77375843 | AB38: =AB36/AB37 -> 0.79015134 | AC38: =AC36/AC37 -> 0.81715205 | AD38: =AD36/AD37 -> 0.81171353 | AE38: =AE36/AE37 -> 0.84517307
A42: FORD PEROLS | B42: 1 | C42: 2 | D42: 3 | E42: 4 | F42: 5 | G42: 6 | H42: 7 | I42: 8 | J42: 9 | K42: 10 | L42: 11 | M42: 12 | N42: 13 | O42: 14 | P42: 15 | Q42: 16 | R42: 17 | S42: 18 | T42: 19 | U42: 20 | V42: 21 | W42: 22 | X42: 23 | Y42: 24 | Z42: 25 | AA42: 26 | AB42: 27 | AC42: 28 | AD42: 29 | AE42: 30 | AF42: 31
A43: CA REALISE (CLIENT CESSION GARANTIE) | C43: 360 | F43: 773 | G43: 1426 | H43: 1553 | I43: 3115 | J43: 3557 | M43: 4123 | N43: 5018 | O43: 5176 | P43: 5647 | Q43: 6391 | T43: 6561 | U43: 6902 | V43: 7598 | W43: 9104 | X43: 9828 | AA43: 10220 | AB43: 10546 | AC43: 10546 | AD43: 11199 | AE43: 13210
A44: OBJECTIF | B44: =731 -> 731 | C44: =B44+731 -> 1462 | F44: =C44+731 -> 2193 | G44: =F44+731 -> 2924 | H44: =G44+731 -> 3655 | I44: =H44+731 -> 4386 | J44: =I44+731 -> 5117 | M44: =J44+731 -> 5848 | N44: =M44+731 -> 6579 | O44: =N44+731 -> 7310 | P44: =O44+731 -> 8041 | Q44: =P44+731 -> 8772 | T44: =Q44+731 -> 9503 | U44: =T44+731 -> 10234 | V44: =U44+731 -> 10965 | W44: =V44+731 -> 11696 | X44: =W44+731 -> 12427 | AA44: =X44+731 -> 13158 | AB44: =AA44+731 -> 13889 | AC44: =AB44+731 -> 14620 | AD44: =AC44+731 -> 15351 | AE44: =AD44+731 -> 16082
A45: % DE REALISATION | B45: =B43/B44 -> 0 | C45: =C43/C44 -> 0.24623803 | F45: =F43/F44 -> 0.35248518 | G45: =G43/G44 -> 0.4876881 | H45: =H43/H44 -> 0.4248974 | I45: =I43/I44 -> 0.71021432 | J45: =J43/J44 -> 0.69513387 | M45: =M43/M44 -> 0.70502736 | N45: =N43/N44 -> 0.7627299 | O45: =O43/O44 -> 0.70807114 | P45: =P43/P44 -> 0.70227584 | Q45: =Q43/Q44 -> 0.72856817 | T45: =T43/T44 -> 0.69041355 | U45: =U43/U44 -> 0.6744186 | V45: =V43/V44 -> 0.69293206 | W45: =W43/W44 -> 0.77838577 | X45: =X43/X44 -> 0.79085861 | AA45: =AA43/AA44 -> 0.77671379 | AB45: =AB43/AB44 -> 0.75930593 | AC45: =AC43/AC44 -> 0.72134063 | AD45: =AD43/AD44 -> 0.72952902 | AE45: =AE43/AE44 -> 0.82141525
A48: SETE | B48: 1 | C48: 2 | D48: 3 | E48: 4 | F48: 5 | G48: 6 | H48: 7 | I48: 8 | J48: 9 | K48: 10 | L48: 11 | M48: 12 | N48: 13 | O48: 14 | P48: 15 | Q48: 16 | R48: 17 | S48: 18 | T48: 19 | U48: 20 | V48: 21 | W48: 22 | X48: 23 | Y48: 24 | Z48: 25 | AA48: 26 | AB48: 27 | AC48: 28 | AD48: 29 | AE48: 30 | AF48: 31
A49: CA REALISE (CLIENT CESSION GARANTIE) | C49: 624 | F49: 1256 | G49: 1288 | H49: 1438 | I49: 1846 | J49: 2574 | M49: 2908 | N49: 3461 | O49: 3824 | P49: 3872 | Q49: 5863 | T49: 6032 | U49: 6251 | V49: 6334 | W49: 6930 | X49: 7106 | AA49: 7300 | AB49: 7649 | AC49: 8042 | AD49: 8475 | AE49: 8879
A50: OBJECTIF | B50: 515 | C50: =B50+515 -> 1030 | F50: =C50+515 -> 1545 | G50: =F50+515 -> 2060 | H50: =G50+515 -> 2575 | I50: =H50+515 -> 3090 | J50: =I50+515 -> 3605 | M50: =J50+515 -> 4120 | N50: =M50+515 -> 4635 | O50: =N50+515 -> 5150 | P50: =O50+515 -> 5665 | Q50: =P50+515 -> 6180 | T50: =Q50+515 -> 6695 | U50: =T50+515 -> 7210 | V50: =U50+515 -> 7725 | W50: =V50+515 -> 8240 | X50: =W50+515 -> 8755 | AA50: =X50+515 -> 9270 | AB50: =AA50+515 -> 9785 | AC50: =AB50+515 -> 10300 | AD50: =AC50+515 -> 10815 | AE50: =AD50+515 -> 11330
A51: % DE REALISATION | B51: =B49/B50 -> 0 | C51: =C49/C50 -> 0.60582524 | F51: =F49/F50 -> 0.81294498 | G51: =G49/G50 -> 0.62524272 | H51: =H49/H50 -> 0.5584466 | I51: =I49/I50 -> 0.597411 | J51: =J49/J50 -> 0.71400832 | M51: =M49/M50 -> 0.70582524 | N51: =N49/N50 -> 0.74670982 | O51: =O49/O50 -> 0.74252427 | P51: =P49/P50 -> 0.68349515 | Q51: =Q49/Q50 -> 0.9487055 | T51: =T49/T50 -> 0.90097087 | U51: =U49/U50 -> 0.86699029 | V51: =V49/V50 -> 0.81993528 | W51: =W49/W50 -> 0.84101942 | X51: =X49/X50 -> 0.81165049 | AA51: =AA49/AA50 -> 0.78748652 | AB51: =AB49/AB50 -> 0.78170669 | AC51: =AC49/AC50 -> 0.7807767 | AD51: =AD49/AD50 -> 0.78363384 | AE51: =AE49/AE50 -> 0.78367167
A55: CARROSSERIE ST JEAN DE VEDAS | B55: 1 | C55: 2 | D55: 3 | E55: 4 | F55: 5 | G55: 6 | H55: 7 | I55: 8 | J55: 9 | K55: 10 | L55: 11 | M55: 12 | N55: 13 | O55: 14 | P55: 15 | Q55: 16 | R55: 17 | S55: 18 | T55: 19 | U55: 20 | V55: 21 | W55: 22 | X55: 23 | Y55: 24 | Z55: 25 | AA55: 26 | AB55: 27 | AC55: 28 | AD55: 29 | AE55: 30 | AF55: 31
A56: CA REALISE (CLIENT CESSION GARANTIE) | C56: 4522 | F56: 8628 | G56: 8884 | H56: 14271 | I56: 15733 | J56: 17990 | M56: 19231 | N56: 22031 | O56: 23333 | P56: 30292 | Q56: 33202 | T56: 35233 | U56: 37951 | V56: 39401 | W56: 39747 | X56: 44791 | AA56: 45259 | AB56: 47890 | AC56: 48944 | AD56: 50531 | AE56: 56837
A57: OBJECTIF | B57: 2004 | C57: =B57+2004 -> 4008 | F57: =C57+2004 -> 6012 | G57: =F57+2004 -> 8016 | H57: =G57+2004 -> 10020 | I57: =H57+2004 -> 12024 | J57: =I57+2004 -> 14028 | M57: =J57+2004 -> 16032 | N57: =M57+2004 -> 18036 | O57: =N57+2004 -> 20040 | P57: =O57+2004 -> 22044 | Q57: =P57+2004 -> 24048 | T57: =Q57+2004 -> 26052 | U57: =T57+2004 -> 28056 | V57: =U57+2004 -> 30060 | W57: =V57+2004 -> 32064 | X57: =W57+2004 -> 34068 | AA57: =X57+2004 -> 36072 | AB57: =AA57+2004 -> 38076 | AC57: =AB57+2004 -> 40080 | AD57: =AC57+2004 -> 42084 | AE57: =AD57+2004 -> 44088
A58: % DE REALISATION | B58: =B56/B57 -> 0 | C58: =C56/C57 -> 1.1282435 | F58: =F56/F57 -> 1.4351297 | G58: =G56/G57 -> 1.1082834 | H58: =H56/H57 -> 1.4242515 | I58: =I56/I57 -> 1.3084664 | J58: =J56/J57 -> 1.2824351 | M58: =M56/M57 -> 1.1995384 | N58: =N56/N57 -> 1.2215014 | O58: =O56/O57 -> 1.1643214 | P58: =P56/P57 -> 1.3741608 | Q58: =Q56/Q57 -> 1.3806554 | T58: =T56/T57 -> 1.3524106 | U58: =U56/U57 -> 1.3526875 | V58: =V56/V57 -> 1.3107452 | W58: =W56/W57 -> 1.2396145 | X58: =X56/X57 -> 1.3147528 | AA58: =AA56/AA57 -> 1.2546851 | AB58: =AB56/AB57 -> 1.2577477 | AC58: =AC56/AC57 -> 1.2211577 | AD58: =AD56/AD57 -> 1.2007176 | AE58: =AE56/AE57 -> 1.2891717
A62: FORD RODEZ | B62: 1 | C62: 2 | D62: 3 | E62: 4 | F62: 5 | G62: 6 | H62: 7 | I62: 8 | J62: 9 | K62: 10 | L62: 11 | M62: 12 | N62: 13 | O62: 14 | P62: 15 | Q62: 16 | R62: 17 | S62: 18 | T62: 19 | U62: 20 | V62: 21 | W62: 22 | X62: 23 | Y62: 24 | Z62: 25 | AA62: 26 | AB62: 27 | AC62: 28 | AD62: 29 | AE62: 30 | AF62: 31
A63: CA REALISE (CLIENT CESSION GARANTIE) | C63: 762 | F63: 1267 | G63: 1557 | H63: 2895 | I63: 3194 | J63: 4964 | M63: 5648 | N63: 6089 | O63: 6491 | P63: 7750 | Q63: 8389 | T63: 10125 | U63: 11329 | V63: 11695 | W63: 12711 | X63: 13765 | AA63: 14207 | AB63: 15160 | AC63: 16121 | AD63: 18147 | AE63: 20329
A64: OBJECTIF | B64: 913 | C64: =B64+913 -> 1826 | F64: =C64+913 -> 2739 | G64: =F64+913 -> 3652 | H64: =G64+913 -> 4565 | I64: =H64+913 -> 5478 | J64: =I64+913 -> 6391 | M64: =J64+913 -> 7304 | N64: =M64+913 -> 8217 | O64: =N64+913 -> 9130 | P64: =O64+913 -> 10043 | Q64: =P64+913 -> 10956 | T64: =Q64+913 -> 11869 | U64: =T64+913 -> 12782 | V64: =U64+913 -> 13695 | W64: =V64+913 -> 14608 | X64: =W64+913 -> 15521 | AA64: =X64+913 -> 16434 | AB64: =AA64+913 -> 17347 | AC64: =AB64+913 -> 18260 | AD64: =AC64+913 -> 19173 | AE64: =AD64+913 -> 20086
A65: % DE REALISATION | B65: =B63/B64 -> 0 | C65: =C63/C64 -> 0.41730559 | F65: =F63/F64 -> 0.46257758 | G65: =G63/G64 -> 0.42634173 | H65: =H63/H64 -> 0.63417306 | I65: =I63/I64 -> 0.58305951 | J65: =J63/J64 -> 0.77671726 | M65: =M63/M64 -> 0.77327492 | N65: =N63/N64 -> 0.7410247 | O65: =O63/O64 -> 0.7109529 | P65: =P63/P64 -> 0.77168177 | Q65: =Q63/Q64 -> 0.76569916 | T65: =T63/T64 -> 0.8530626 | U65: =U63/U64 -> 0.88632452 | V65: =V63/V64 -> 0.8539613 | W65: =W63/W64 -> 0.87013965 | X65: =X63/X64 -> 0.88686296 | AA65: =AA63/AA64 -> 0.86448826 | AB65: =AB63/AB64 -> 0.87392633 | AC65: =AC63/AC64 -> 0.88285871 | AD65: =AD63/AD64 -> 0.94648725 | AE65: =AE63/AE64 -> 1.012098
A69: LAND ROVER RODEZ | B69: 1 | C69: 2 | D69: 3 | E69: 4 | F69: 5 | G69: 6 | H69: 7 | I69: 8 | J69: 9 | K69: 10 | L69: 11 | M69: 12 | N69: 13 | O69: 14 | P69: 15 | Q69: 16 | R69: 17 | S69: 18 | T69: 19 | U69: 20 | V69: 21 | W69: 22 | X69: 23 | Y69: 24 | Z69: 25 | AA69: 26 | AB69: 27 | AC69: 28 | AD69: 29 | AE69: 30 | AF69: 31
A70: CA REALISE (CLIENT CESSION GARANTIE) | C70: 406 | F70: 719 | G70: 1942 | H70: 3759 | I70: 5227 | J70: 5856 | M70: 5904 | N70: 7580 | O70: 8593 | P70: 8734 | Q70: 9835 | T70: 9931 | U70: 10790 | V70: 12249 | W70: 12619 | X70: 13470 | AA70: 15483 | AB70: 15509 | AC70: 15509 | AD70: 16690 | AE70: 19424
A71: OBJECTIF | B71: 861 | C71: =B71+861 -> 1722 | F71: =C71+861 -> 2583 | G71: =F71+861 -> 3444 | H71: =G71+861 -> 4305 | I71: =H71+861 -> 5166 | J71: =I71+861 -> 6027 | M71: =J71+861 -> 6888 | N71: =M71+861 -> 7749 | O71: =N71+861 -> 8610 | P71: =O71+861 -> 9471 | Q71: =P71+861 -> 10332 | T71: =Q71+861 -> 11193 | U71: =T71+861 -> 12054 | V71: =U71+861 -> 12915 | W71: =V71+861 -> 13776 | X71: =W71+861 -> 14637 | AA71: =X71+861 -> 15498 | AB71: =AA71+861 -> 16359 | AC71: =AB71+861 -> 17220 | AD71: =AC71+861 -> 18081 | AE71: =AD71+861 -> 18942
A72: % DE REALISATION | B72: =B70/B71 -> 0 | C72: =C70/C71 -> 0.23577236 | F72: =F70/F71 -> 0.2783585 | G72: =G70/G71 -> 0.56387921 | H72: =H70/H71 -> 0.87317073 | I72: =I70/I71 -> 1.011808 | J72: =J70/J71 -> 0.97162768 | M72: =M70/M71 -> 0.85714286 | N72: =N70/N71 -> 0.97819073 | O72: =O70/O71 -> 0.99802555 | P72: =P70/P71 -> 0.92218351 | Q72: =Q70/Q71 -> 0.95189702 | T72: =T70/T71 -> 0.88725096 | U72: =U70/U71 -> 0.89513854 | V72: =V70/V71 -> 0.94843206 | W72: =W70/W71 -> 0.91601336 | X72: =X70/X71 -> 0.92027055 | AA72: =AA70/AA71 -> 0.99903213 | AB72: =AB70/AB71 -> 0.94804083 | AC72: =AC70/AC71 -> 0.90063879 | AD72: =AD70/AD71 -> 0.92306841 | AE72: =AE70/AE71 -> 1.0254461

Sheet Avril 2018
C1: Suivi objectif réalisation CA par atelier
AG4: =20 -> 20
S5: 5188
A7: GRIM PASSION LATTES | B7: 1 | C7: 2 | D7: 3 | E7: 4 | F7: 5 | G7: 6 | H7: 7 | I7: 8 | J7: 9 | K7: 10 | L7: 11 | M7: 12 | N7: 13 | O7: 14 | P7: 15 | Q7: 16 | R7: 17 | S7: 18 | T7: 19 | U7: 20 | V7: 21 | W7: 22 | X7: 23 | Y7: 24 | Z7: 25 | AA7: 26 | AB7: 27 | AC7: 28 | AD7: 29 | AE7: 30
A8: CA REALISE (CLIENT CESSION GARANTIE) | D8: 2238 | E8: 5736 | F8: 10190 | G8: 18258 | J8: 20592 | K8: 24163 | L8: 28956 | M8: 33419 | N8: 37928 | Q8: 41756 | R8: 44194 | S8: 52055 | T8: 55647 | U8: 65765 | X8: 68856 | Y8: 73063 | Z8: 78282 | AA8: 82656 | AB8: 86731 | AE8: 89510
A9: OBJECTIF | D9: 5856 | E9: =D9+5856 -> 11712 | F9: =E9+5856 -> 17568 | G9: =F9+5856 -> 23424 | J9: =G9+5856 -> 29280 | K9: =J9+5856 -> 35136 | L9: =K9+5856 -> 40992 | M9: =L9+5856 -> 46848 | N9: =M9+5856 -> 52704 | Q9: =N9+5856 -> 58560 | R9: =Q9+5856 -> 64416 | S9: =R9+5856 -> 70272 | T9: =S9+5856 -> 76128 | U9: =T9+5856 -> 81984 | X9: =U9+5856 -> 87840 | Y9: =X9+5856 -> 93696 | Z9: =Y9+5856 -> 99552 | AA9: =Z9+5856 -> 105408 | AB9: =AA9+5856 -> 111264 | AE9: =AB9+5856 -> 117120
A10: % DE REALISATION | D10: =D8/D9 -> 0.38217213 | E10: =E8/E9 -> 0.4897541 | F10: =F8/F9 -> 0.58003188 | G10: =G8/G9 -> 0.77945697 | J10: =J8/J9 -> 0.70327869 | K10: =K8/K9 -> 0.68769923 | L10: =L8/L9 -> 0.70638173 | M10: =M8/M9 -> 0.71334956 | N10: =N8/N9 -> 0.71964177 | Q10: =Q8/Q9 -> 0.71304645 | R10: =R8/R9 -> 0.68607178 | S10: =S8/S9 -> 0.74076446 | T10: =T8/T9 -> 0.73096627 | U10: =U8/U9 -> 0.80216872 | X10: =X8/X9 -> 0.78387978 | Y10: =Y8/Y9 -> 0.77978782 | Z10: =Z8/Z9 -> 0.78634282 | AA10: =AA8/AA9 -> 0.78415301 | AB10: =AB8/AB9 -> 0.7795064 | AE10: =AE8/AE9 -> 0.76425888
A14: GRIM PASSION PEROLS | B14: 1 | C14: 2 | D14: 3 | E14: 4 | F14: 5 | G14: 6 | H14: 7 | I14: 8 | J14: 9 | K14: 10 | L14: 11 | M14: 12 | N14: 13 | O14: 14 | P14: 15 | Q14: 16 | R14: 17 | S14: 18 | T14: 19 | U14: 20 | V14: 21 | W14: 22 | X14: 23 | Y14: 24 | Z14: 25 | AA14: 26 | AB14: 27 | AC14: 28 | AD14: 29 | AE14: 30
A15: CA REALISE (CLIENT CESSION GARANTIE) | D15: 0 | E15: 288 | F15: 1507 | G15: 2498 | J15: 2832 | K15: 3368 | L15: 4000 | M15: 5495 | N15: 5720 | Q15: 6260 | R15: 6338 | S15: 6338 | T15: 6338 | U15: 6338 | X15: 7808 | Y15: 9521 | Z15: 10744 | AA15: 13509 | AB15: 14243 | AE15: 16831
A16: OBJECTIF | D16: 792 | E16: =D16+792 -> 1584 | F16: =E16+792 -> 2376 | G16: =F16+792 -> 3168 | J16: =G16+792 -> 3960 | K16: =J16+792 -> 4752 | L16: =K16+792 -> 5544 | M16: =L16+792 -> 6336 | N16: =M16+792 -> 7128 | Q16: =N16+792 -> 7920 | R16: =Q16+792 -> 8712 | S16: =R16+792 -> 9504 | T16: =S16+792 -> 10296 | U16: =T16+792 -> 11088 | X16: =U16+792 -> 11880 | Y16: =X16+792 -> 12672 | Z16: =Y16+792 -> 13464 | AA16: =Z16+792 -> 14256 | AB16: =AA16+792 -> 15048 | AE16: =AB16+792 -> 15840
A17: % DE REALISATION | D17: =D15/D16 -> 0 | E17: =E15/E16 -> 0.18181818 | F17: =F15/F16 -> 0.63425926 | G17: =G15/G16 -> 0.7885101 | J17: =J15/J16 -> 0.71515152 | K17: =K15/K16 -> 0.70875421 | L17: =L15/L16 -> 0.72150072 | M17: =M15/M16 -> 0.86726641 | N17: =N15/N16 -> 0.80246914 | Q17: =Q15/Q16 -> 0.79040404 | R17: =R15/R16 -> 0.7275023 | S17: =S15/S16 -> 0.6668771 | T17: =T15/T16 -> 0.61557887 | U17: =U15/U16 -> 0.57160895 | X17: =X15/X16 -> 0.65723906 | Y17: =Y15/Y16 -> 0.75134154 | Z17: =Z15/Z16 -> 0.7979798 | AA17: =AA15/AA16 -> 0.94760101 | AB17: =AB15/AB16 -> 0.94650452 | AE17: =AE15/AE16 -> 1.0625631
A21: PRESTIGE AUTO MONTPELLIER | B21: 1 | C21: 2 | D21: 3 | E21: 4 | F21: 5 | G21: 6 | H21: 7 | I21: 8 | J21: 9 | K21: 10 | L21: 11 | M21: 12 | N21: 13 | O21: 14 | P21: 15 | Q21: 16 | R21: 17 | S21: 18 | T21: 19 | U21: 20 | V21: 21 | W21: 22 | X21: 23 | Y21: 24 | Z21: 25 | AA21: 26 | AB21: 27 | AC21: 28 | AD21: 29 | AE21: 30
A22: CA REALISE (CLIENT CESSION GARANTIE) | D22: 1801 | E22: 2775 | F22: 4287 | G22: 10121 | J22: 12860 | K22: 14955 | L22: 17577 | M22: 21260 | N22: 24642 | Q22: 25617 | R22: 27530 | S22: 31125 | T22: 32861 | U22: 34910 | X22: 36085 | Y22: 37493 | Z22: 41220 | AA22: 43659 | AB22: 49343 | AE22: 52844
A23: OBJECTIF | D23: 2877 | E23: =D23+2877 -> 5754 | F23: =E23+2877 -> 8631 | G23: =F23+2877 -> 11508 | J23: =G23+2877 -> 14385 | K23: =J23+2877 -> 17262 | L23: =K23+2877 -> 20139 | M23: =L23+2877 -> 23016 | N23: =M23+2877 -> 25893 | Q23: =N23+2877 -> 28770 | R23: =Q23+2877 -> 31647 | S23: =R23+2877 -> 34524 | T23: =S23+2877 -> 37401 | U23: =T23+2877 -> 40278 | X23: =U23+2877 -> 43155 | Y23: =X23+2877 -> 46032 | Z23: =Y23+2877 -> 48909 | AA23: =Z23+2877 -> 51786 | AB23: =AA23+2877 -> 54663 | AE23: =AB23+2877 -> 57540
A24: % DE REALISATION | D24: =D22/D23 -> 0.6259993 | E24: =E22/E23 -> 0.4822732 | F24: =F22/F23 -> 0.49669795 | G24: =G22/G23 -> 0.87947515 | J24: =J22/J23 -> 0.89398679 | K24: =K22/K23 -> 0.86635384 | L24: =L22/L23 -> 0.87278415 | M24: =M22/M23 -> 0.92370525 | N24: =N22/N23 -> 0.95168578 | Q24: =Q22/Q23 -> 0.89040667 | R24: =R22/R23 -> 0.86990868 | S24: =S22/S23 -> 0.90154675 | T24: =T22/T23 -> 0.87861287 | U24: =U22/U23 -> 0.86672625 | X24: =X22/X23 -> 0.83617194 | Y24: =Y22/Y23 -> 0.81449861 | Z24: =Z22/Z23 -> 0.84278967 | AA24: =AA22/AA23 -> 0.84306569 | AB24: =AB22/AB23 -> 0.9026764 | AE24: =AE22/AE23 -> 0.91838721
A28: PRESTIGE AUTO NIMES | B28: 1 | C28: 2 | D28: 3 | E28: 4 | F28: 5 | G28: 6 | H28: 7 | I28: 8 | J28: 9 | K28: 10 | L28: 11 | M28: 12 | N28: 13 | O28: 14 | P28: 15 | Q28: 16 | R28: 17 | S28: 18 | T28: 19 | U28: 20 | V28: 21 | W28: 22 | X28: 23 | Y28: 24 | Z28: 25 | AA28: 26 | AB28: 27 | AC28: 28 | AD28: 29 | AE28: 30
A29: CA REALISE (CLIENT CESSION GARANTIE) | D29: 1230 | E29: 2109 | F29: 2488 | G29: 4598 | J29: 5167 | K29: 5852 | L29: 6620 | M29: 7266 | N29: 9204 | Q29: 10972 | R29: 13149 | S29: 13581 | T29: 14240 | U29: 16534 | X29: 18028 | Y29: 20613 | Z29: 21633 | AA29: 23275 | AB29: 26228 | AE29: 30687
A30: OBJECTIF | D30: 1770 | E30: =D30+1770 -> 3540 | F30: =E30+1770 -> 5310 | G30: =F30+1770 -> 7080 | J30: =G30+1770 -> 8850 | K30: =J30+1770 -> 10620 | L30: =K30+1770 -> 12390 | M30: =L30+1770 -> 14160 | N30: =M30+1770 -> 15930 | Q30: =N30+1770 -> 17700 | R30: =Q30+1770 -> 19470 | S30: =R30+1770 -> 21240 | T30: =S30+1770 -> 23010 | U30: =T30+1770 -> 24780 | X30: =U30+1770 -> 26550 | Y30: =X30+1770 -> 28320 | Z30: =Y30+1770 -> 30090 | AA30: =Z30+1770 -> 31860 | AB30: =AA30+1770 -> 33630 | AE30: =AB30+1770 -> 35400
A31: % DE REALISATION | D31: =D29/D30 -> 0.69491525 | E31: =E29/E30 -> 0.59576271 | F31: =F29/F30 -> 0.46854991 | G31: =G29/G30 -> 0.64943503 | J31: =J29/J30 -> 0.58384181 | K31: =K29/K30 -> 0.55103578 | L31: =L29/L30 -> 0.53430186 | M31: =M29/M30 -> 0.51313559 | N31: =N29/N30 -> 0.57777778 | Q31: =Q29/Q30 -> 0.61988701 | R31: =R29/R30 -> 0.67534669 | S31: =S29/S30 -> 0.63940678 | T31: =T29/T30 -> 0.61886136 | U31: =U29/U30 -> 0.66723164 | X31: =X29/X30 -> 0.67902072 | Y31: =Y29/Y30 -> 0.72786017 | Z31: =Z29/Z30 -> 0.71894317 | AA31: =AA29/AA30 -> 0.73053986 | AB31: =AB29/AB30 -> 0.7798989 | AE31: =AE29/AE30 -> 0.86686441
A35: FORD LATTES | B35: 1 | C35: 2 | D35: 3 | E35: 4 | F35: 5 | G35: 6 | H35: 7 | I35: 8 | J35: 9 | K35: 10 | L35: 11 | M35: 12 | N35: 13 | O35: 14 | P35: 15 | Q35: 16 | R35: 17 | S35: 18 | T35: 19 | U35: 20 | V35: 21 | W35: 22 | X35: 23 | Y35: 24 | Z35: 25 | AA35: 26 | AB35: 27 | AC35: 28 | AD35: 29 | AE35: 30
A36: CA REALISE (CLIENT CESSION GARANTIE) | D36: 1323 | E36: 3318 | F36: 8225 | G36: 10878 | J36: 12917 | K36: 15118 | L36: 16572 | M36: 18443 | N36: 20432 | Q36: 21444 | R36: 24162 | S36: 27591 | T36: 30996 | U36: 33944 | X36: 34912 | Y36: 37568 | Z36: 39432 | AA36: 44970 | AB36: 49518 | AE36: 55274
A37: OBJECTIF | D37: 3262 | E37: =D37+3262 -> 6524 | F37: =E37+3262 -> 9786 | G37: =F37+3262 -> 13048 | J37: =G37+3262 -> 16310 | K37: =J37+3262 -> 19572 | L37: =K37+3262 -> 22834 | M37: =L37+3262 -> 26096 | N37: =M37+3262 -> 29358 | Q37: =N37+3262 -> 32620 | R37: =Q37+3262 -> 35882 | S37: =R37+3262 -> 39144 | T37: =S37+3262 -> 42406 | U37: =T37+3262 -> 45668 | X37: =U37+3262 -> 48930 | Y37: =X37+3262 -> 52192 | Z37: =Y37+3262 -> 55454 | AA37: =Z37+3262 -> 58716 | AB37: =AA37+3262 -> 61978 | AE37: =AB37+3262 -> 65240
A38: % DE REALISATION | D38: =D36/D37 -> 0.4055794 | E38: =E36/E37 -> 0.50858369 | F38: =F36/F37 -> 0.84048641 | G38: =G36/G37 -> 0.83369099 | J38: =J36/J37 -> 0.79196812 | K38: =K36/K37 -> 0.77243 | L38: =L36/L37 -> 0.72575983 | M38: =M36/M37 -> 0.70673666 | N38: =N36/N37 -> 0.69596022 | Q38: =Q36/Q37 -> 0.65738811 | R38: =R36/R37 -> 0.67337384 | S38: =S36/S37 -> 0.70485898 | T38: =T36/T37 -> 0.7309343 | U38: =U36/U37 -> 0.74327757 | X38: =X36/X37 -> 0.71350909 | Y38: =Y36/Y37 -> 0.7198038 | Z38: =Z36/Z37 -> 0.71107585 | AA38: =AA36/AA37 -> 0.76589005 | AB38: =AB36/AB37 -> 0.79896092 | AE38: =AE36/AE37 -> 0.84724096
A42: FORD PEROLS | B42: 1 | C42: 2 | D42: 3 | E42: 4 | F42: 5 | G42: 6 | H42: 7 | I42: 8 | J42: 9 | K42: 10 | L42: 11 | M42: 12 | N42: 13 | O42: 14 | P42: 15 | Q42: 16 | R42: 17 | S42: 18 | T42: 19 | U42: 20 | V42: 21 | W42: 22 | X42: 23 | Y42: 24 | Z42: 25 | AA42: 26 | AB42: 27 | AC42: 28 | AD42: 29 | AE42: 30
A43: CA REALISE (CLIENT CESSION GARANTIE) | D43: 0 | E43: 365 | F43: 1277 | G43: 1643 | J43: 1853 | K43: 1853 | L43: 1853 | M43: 1853 | N43: 1853 | Q43: 3490 | R43: 4488 | S43: 5599 | T43: 6742 | U43: 7030 | X43: 7810 | Y43: 8093 | Z43: 8597 | AA43: 9370 | AB43: 10322 | AE43: 10865
A44: OBJECTIF | D44: 731 | E44: =D44+731 -> 1462 | F44: =E44+731 -> 2193 | G44: =F44+731 -> 2924 | J44: =G44+731 -> 3655 | K44: =J44+731 -> 4386 | L44: =K44+731 -> 5117 | M44: =L44+731 -> 5848 | N44: =M44+731 -> 6579 | Q44: =N44+731 -> 7310 | R44: =Q44+731 -> 8041 | S44: =R44+731 -> 8772 | T44: =S44+731 -> 9503 | U44: =T44+731 -> 10234 | X44: =U44+731 -> 10965 | Y44: =X44+731 -> 11696 | Z44: =Y44+731 -> 12427 | AA44: =Z44+731 -> 13158 | AB44: =AA44+731 -> 13889 | AE44: =AB44+731 -> 14620
A45: % DE REALISATION | D45: =D43/D44 -> 0 | E45: =E43/E44 -> 0.249658 | F45: =F43/F44 -> 0.58230734 | G45: =G43/G44 -> 0.5619015 | J45: =J43/J44 -> 0.50697674 | K45: =K43/K44 -> 0.42248062 | L45: =L43/L44 -> 0.36212625 | M45: =M43/M44 -> 0.31686047 | N45: =N43/N44 -> 0.28165375 | Q45: =Q43/Q44 -> 0.47742818 | R45: =R43/R44 -> 0.55813953 | S45: =S43/S44 -> 0.63828089 | T45: =T43/T44 -> 0.70946017 | U45: =U43/U44 -> 0.68692593 | X45: =X43/X44 -> 0.7122663 | Y45: =Y43/Y44 -> 0.69194596 | Z45: =Z43/Z44 -> 0.69180011 | AA45: =AA43/AA44 -> 0.7121143 | AB45: =AB43/AB44 -> 0.74317805 | AE45: =AE43/AE44 -> 0.74316005
A48: SETE | B48: 1 | C48: 2 | D48: 3 | E48: 4 | F48: 5 | G48: 6 | H48: 7 | I48: 8 | J48: 9 | K48: 10 | L48: 11 | M48: 12 | N48: 13 | O48: 14 | P48: 15 | Q48: 16 | R48: 17 | S48: 18 | T48: 19 | U48: 20 | V48: 21 | W48: 22 | X48: 23 | Y48: 24 | Z48: 25 | AA48: 26 | AB48: 27 | AC48: 28 | AD48: 29 | AE48: 30
A49: CA REALISE (CLIENT CESSION GARANTIE) | D49: 169 | E49: 495 | F49: 1125 | G49: 1678 | J49: 2949 | K49: 3294 | L49: 3886 | M49: 4185 | N49: 4836 | Q49: 4924 | R49: 5120 | S49: 5852 | T49: 5852 | U49: 6443 | X49: 7303 | Y49: 8064 | Z49: 8931 | AA49: 9645 | AB49: 10168 | AE49: 11425
A50: OBJECTIF | D50: 515 | E50: =D50+515 -> 1030 | F50: =E50+515 -> 1545 | G50: =F50+515 -> 2060 | J50: =G50+515 -> 2575 | K50: =J50+515 -> 3090 | L50: =K50+515 -> 3605 | M50: =L50+515 -> 4120 | N50: =M50+515 -> 4635 | Q50: =N50+515 -> 5150 | R50: =Q50+515 -> 5665 | S50: =R50+515 -> 6180 | T50: =S50+515 -> 6695 | U50: =T50+515 -> 7210 | X50: =U50+515 -> 7725 | Y50: =X50+515 -> 8240 | Z50: =Y50+515 -> 8755 | AA50: =Z50+515 -> 9270 | AB50: =AA50+515 -> 9785 | AE50: =AB50+515 -> 10300
A51: % DE REALISATION | D51: =D49/D50 -> 0.32815534 | E51: =E49/E50 -> 0.48058252 | F51: =F49/F50 -> 0.72815534 | G51: =G49/G50 -> 0.81456311 | J51: =J49/J50 -> 1.1452427 | K51: =K49/K50 -> 1.0660194 | L51: =L49/L50 -> 1.0779473 | M51: =M49/M50 -> 1.0157767 | N51: =N49/N50 -> 1.0433657 | Q51: =Q49/Q50 -> 0.9561165 | R51: =R49/R50 -> 0.90379523 | S51: =S49/S50 -> 0.94692557 | T51: =T49/T50 -> 0.87408514 | U51: =U49/U50 -> 0.89361997 | X51: =X49/X50 -> 0.94537217 | Y51: =Y49/Y50 -> 0.97864078 | Z51: =Z49/Z50 -> 1.0201028 | AA51: =AA49/AA50 -> 1.0404531 | AB51: =AB49/AB50 -> 1.0391415 | AE51: =AE49/AE50 -> 1.1092233
A55: CARROSSERIE ST JEAN DE VEDAS | B55: 1 | C55: 2 | D55: 3 | E55: 4 | F55: 5 | G55: 6 | H55: 7 | I55: 8 | J55: 9 | K55: 10 | L55: 11 | M55: 12 | N55: 13 | O55: 14 | P55: 15 | Q55: 16 | R55: 17 | S55: 18 | T55: 19 | U55: 20 | V55: 21 | W55: 22 | X55: 23 | Y55: 24 | Z55: 25 | AA55: 26 | AB55: 27 | AC55: 28 | AD55: 29 | AE55: 30
A56: CA REALISE (CLIENT CESSION GARANTIE) | D56: 1360 | E56: 4319 | F56: 5059 | G56: 6489 | J56: 7659 | K56: 8228 | L56: 14607 | M56: 16272 | N56: 25160 | Q56: 26513 | R56: 30301 | S56: 32060 | T56: 33868 | U56: 35927 | X56: 39157 | Y56: 40160 | Z56: 40650 | AA56: 45697 | AB56: 48544 | AE56: 49835
A57: OBJECTIF | D57: 2004 | E57: =D57+2004 -> 4008 | F57: =E57+2004 -> 6012 | G57: =F57+2004 -> 8016 | J57: =G57+2004 -> 10020 | K57: =J57+2004 -> 12024 | L57: =K57+2004 -> 14028 | M57: =L57+2004 -> 16032 | N57: =M57+2004 -> 18036 | Q57: =N57+2004 -> 20040 | R57: =Q57+2004 -> 22044 | S57: =R57+2004 -> 24048 | T57: =S57+2004 -> 26052 | U57: =T57+2004 -> 28056 | X57: =U57+2004 -> 30060 | Y57: =X57+2004 -> 32064 | Z57: =Y57+2004 -> 34068 | AA57: =Z57+2004 -> 36072 | AB57: =AA57+2004 -> 38076 | AE57: =AB57+2004 -> 40080
A58: % DE REALISATION | D58: =D56/D57 -> 0.67864271 | E58: =E56/E57 -> 1.0775948 | F58: =F56/F57 -> 0.8414837 | G58: =G56/G57 -> 0.80950599 | J58: =J56/J57 -> 0.76437126 | K58: =K56/K57 -> 0.68429807 | L58: =L56/L57 -> 1.0412746 | M58: =M56/M57 -> 1.0149701 | N58: =N56/N57 -> 1.3949878 | Q58: =Q56/Q57 -> 1.323004 | R58: =R56/R57 -> 1.374569 | S58: =S56/S57 -> 1.333167 | T58: =T56/T57 -> 1.3000154 | U58: =U56/U57 -> 1.2805461 | X58: =X56/X57 -> 1.3026281 | Y58: =Y56/Y57 -> 1.252495 | Z58: =Z56/Z57 -> 1.1932018 | AA58: =AA56/AA57 -> 1.2668275 | AB58: =AB56/AB57 -> 1.2749238 | AE58: =AE56/AE57 -> 1.2433882
A62: FORD RODEZ | B62: 1 | C62: 2 | D62: 3 | E62: 4 | F62: 5 | G62: 6 | H62: 7 | I62: 8 | J62: 9 | K62: 10 | L62: 11 | M62: 12 | N62: 13 | O62: 14 | P62: 15 | Q62: 16 | R62: 17 | S62: 18 | T62: 19 | U62: 20 | V62: 21 | W62: 22 | X62: 23 | Y62: 24 | Z62: 25 | AA62: 26 | AB62: 27 | AC62: 28 | AD62: 29 | AE62: 30
A63: CA REALISE (CLIENT CESSION GARANTIE) | D63: 408 | E63: 1091 | F63: 2125 | G63: 3281 | J63: 4316 | K63: 5230 | L63: 5361 | M63: 6132 | N63: 7104 | Q63: 7638 | R63: 8206 | S63: 8402 | T63: 9138 | U63: 9752 | X63: 11277 | Y63: 12026 | Z63: 13182 | AA63: 14722 | AB63: 16000 | AE63: 17076
A64: OBJECTIF | D64: 913 | E64: =D64+913 -> 1826 | F64: =E64+913 -> 2739 | G64: =F64+913 -> 3652 | J64: =G64+913 -> 4565 | K64: =J64+913 -> 5478 | L64: =K64+913 -> 6391 | M64: =L64+913 -> 7304 | N64: =M64+913 -> 8217 | Q64: =N64+913 -> 9130 | R64: =Q64+913 -> 10043 | S64: =R64+913 -> 10956 | T64: =S64+913 -> 11869 | U64: =T64+913 -> 12782 | X64: =U64+913 -> 13695 | Y64: =X64+913 -> 14608 | Z64: =Y64+913 -> 15521 | AA64: =Z64+913 -> 16434 | AB64: =AA64+913 -> 17347 | AE64: =AB64+913 -> 18260
A65: % DE REALISATION | D65: =D63/D64 -> 0.44687842 | E65: =E63/E64 -> 0.59748083 | F65: =F63/F64 -> 0.7758306 | G65: =G63/G64 -> 0.89841183 | J65: =J63/J64 -> 0.94545455 | K65: =K63/K64 -> 0.954728 | L65: =L63/L64 -> 0.83883586 | M65: =M63/M64 -> 0.83953998 | N65: =N63/N64 -> 0.86454911 | Q65: =Q63/Q64 -> 0.83658269 | R65: =R63/R64 -> 0.81708653 | S65: =S63/S64 -> 0.76688572 | T65: =T63/T64 -> 0.76990479 | U65: =U63/U64 -> 0.7629479 | X65: =X63/X64 -> 0.82343921 | Y65: =Y63/Y64 -> 0.82324754 | Z65: =Z63/Z64 -> 0.84930095 | AA65: =AA63/AA64 -> 0.89582573 | AB65: =AB63/AB64 -> 0.92234969 | AE65: =AE63/AE64 -> 0.93515882
A69: LAND ROVER RODEZ | B69: 1 | C69: 2 | D69: 3 | E69: 4 | F69: 5 | G69: 6 | H69: 7 | I69: 8 | J69: 9 | K69: 10 | L69: 11 | M69: 12 | N69: 13 | O69: 14 | P69: 15 | Q69: 16 | R69: 17 | S69: 18 | T69: 19 | U69: 20 | V69: 21 | W69: 22 | X69: 23 | Y69: 24 | Z69: 25 | AA69: 26 | AB69: 27 | AC69: 28 | AD69: 29 | AE69: 30
A70: CA REALISE (CLIENT CESSION GARANTIE) | D70: 0 | E70: 993 | F70: 1831 | G70: 2464 | J70: 3594 | K70: 3594 | L70: 3898 | M70: 4422 | N70: 5908 | Q70: 6432 | R70: 6535 | S70: 6643 | T70: 8327 | U70: 11066 | X70: 12023 | Y70: 13471 | Z70: 14323 | AA70: 15746 | AB70: 16429 | AE70: 17761
A71: OBJECTIF | D71: 861 | E71: =D71+861 -> 1722 | F71: =E71+861 -> 2583 | G71: =F71+861 -> 3444 | J71: =G71+861 -> 4305 | K71: =J71+861 -> 5166 | L71: =K71+861 -> 6027 | M71: =L71+861 -> 6888 | N71: =M71+861 -> 7749 | Q71: =N71+861 -> 8610 | R71: =Q71+861 -> 9471 | S71: =R71+861 -> 10332 | T71: =S71+861 -> 11193 | U71: =T71+861 -> 12054 | X71: =U71+861 -> 12915 | Y71: =X71+861 -> 13776 | Z71: =Y71+861 -> 14637 | AA71: =Z71+861 -> 15498 | AB71: =AA71+861 -> 16359 | AE71: =AB71+861 -> 17220
A72: % DE REALISATION | D72: =D70/D71 -> 0 | E72: =E70/E71 -> 0.57665505 | F72: =F70/F71 -> 0.70886566 | G72: =G70/G71 -> 0.71544715 | J72: =J70/J71 -> 0.83484321 | K72: =K70/K71 -> 0.69570267 | L72: =L70/L71 -> 0.64675626 | M72: =M70/M71 -> 0.64198606 | N72: =N70/N71 -> 0.76242096 | Q72: =Q70/Q71 -> 0.74703833 | R72: =R70/R71 -> 0.69000106 | S72: =S70/S71 -> 0.64295393 | T72: =T70/T71 -> 0.74394711 | U72: =U70/U71 -> 0.91803551 | X72: =X70/X71 -> 0.93093302 | Y72: =Y70/Y71 -> 0.97786005 | Z72: =Z70/Z71 -> 0.97854752 | AA72: =AA70/AA71 -> 1.0160021 | AB72: =AB70/AB71 -> 1.004279 | AE72: =AE70/AE71 -> 1.031417

Sheet Mai 2018
C1: Suivi objectif réalisation CA par atelier
AG3: =19 -> 19
S5: 5188
A7: GRIM PASSION LATTES | B7: 1 | C7: 2 | D7: 3 | E7: 4 | F7: 5 | G7: 6 | H7: 7 | I7: 8 | J7: 9 | K7: 10 | L7: 11 | M7: 12 | N7: 13 | O7: 14 | P7: 15 | Q7: 16 | R7: 17 | S7: 18 | T7: 19 | U7: 20 | V7: 21 | W7: 22 | X7: 23 | Y7: 24 | Z7: 25 | AA7: 26 | AB7: 27 | AC7: 28 | AD7: 29 | AE7: 30 | AF7: 31
A8: CA REALISE (CLIENT CESSION GARANTIE) | C8: 1739 | D8: 16289 | E8: 29661 | H8: 31600 | J8: 35764 | O8: 45659 | P8: 46272 | Q8: 51351 | R8: 54992 | S8: 58148 | W8: 62958 | X8: 66887 | Y8: 74064 | Z8: 81505 | AC8: 83472 | AD8: 88797 | AE8: 89864 | AF8: 105450
A9: OBJECTIF | C9: =5856 -> 5856 | D9: =C9+5856 -> 11712 | E9: =D9+5856 -> 17568 | H9: =E9+5856 -> 23424 | J9: =H9+5856 -> 29280 | L9: =J9+5856 -> 35136 | O9: =L9+5856 -> 40992 | P9: =O9+5856 -> 46848 | Q9: =P9+5856 -> 52704 | R9: =Q9+5856 -> 58560 | S9: =R9+5856 -> 64416 | W9: =S9+5856 -> 70272 | X9: =W9+5856 -> 76128 | Y9: =X9+5856 -> 81984 | Z9: =Y9+5856 -> 87840 | AC9: =Z9+5856 -> 93696 | AD9: =AC9+5856 -> 99552 | AE9: =AD9+5856 -> 105408 | AF9: =AE9+5856 -> 111264
A10: % DE REALISATION | C10: =C8/C9 -> 0.29696038 | D10: =D8/D9 -> 1.3907958 | E10: =E8/E9 -> 1.6883538 | H10: =H8/H9 -> 1.3490437 | J10: =J8/J9 -> 1.2214481 | L10: =L8/L9 -> 0 | O10: =O8/O9 -> 1.1138515 | P10: =P8/P9 -> 0.98770492 | Q10: =Q8/Q9 -> 0.97432832 | R10: =R8/R9 -> 0.93907104 | S10: =S8/S9 -> 0.90269498 | W10: =W8/W9 -> 0.89591872 | X10: =X8/X9 -> 0.87861234 | Y10: =Y8/Y9 -> 0.90339578 | Z10: =Z8/Z9 -> 0.92788024 | AC10: =AC8/AC9 -> 0.89088115 | AD10: =AD8/AD9 -> 0.89196601 | AE10: =AE8/AE9 -> 0.85253491 | AF10: =AF8/AF9 -> 0.9477459
A14: GRIM PASSION PEROLS | B14: 1 | C14: 2 | D14: 3 | E14: 4 | F14: 5 | G14: 6 | H14: 7 | I14: 8 | J14: 9 | K14: 10 | L14: 11 | M14: 12 | N14: 13 | O14: 14 | P14: 15 | Q14: 16 | R14: 17 | S14: 18 | T14: 19 | U14: 20 | V14: 21 | W14: 22 | X14: 23 | Y14: 24 | Z14: 25 | AA14: 26 | AB14: 27 | AC14: 28 | AD14: 29 | AE14: 30 | AF14: 31
A15: CA REALISE (CLIENT CESSION GARANTIE) | C15: 0 | D15: 496 | E15: 2096 | H15: 2702 | J15: 3391 | O15: 5000 | P15: 5000 | Q15: 5565 | R15: 6207 | S15: 6273 | W15: 6884 | X15: 6884 | Y15: 7337 | Z15: 8835 | AC15: 8835 | AD15: 8835 | AE15: 8835 | AF15: 8835
A16: OBJECTIF | C16: 792 | D16: =C16+792 -> 1584 | E16: =D16+792 -> 2376 | H16: =E16+792 -> 3168 | J16: =H16+792 -> 3960 | L16: =J16+792 -> 4752 | O16: =L16+792 -> 5544 | P16: =O16+792 -> 6336 | Q16: =P16+792 -> 7128 | R16: =Q16+792 -> 7920 | S16: =R16+792 -> 8712 | W16: =S16+792 -> 9504 | X16: =W16+792 -> 10296 | Y16: =X16+792 -> 11088 | Z16: =Y16+792 -> 11880 | AC16: =Z16+792 -> 12672 | AD16: =AC16+792 -> 13464 | AE16: =AD16+792 -> 14256 | AF16: =AE16+792 -> 15048
A17: % DE REALISATION | C17: =C15/C16 -> 0 | D17: =D15/D16 -> 0.31313131 | E17: =E15/E16 -> 0.88215488 | H17: =H15/H16 -> 0.85290404 | J17: =J15/J16 -> 0.85631313 | L17: =L15/L16 -> 0 | O17: =O15/O16 -> 0.9018759 | P17: =P15/P16 -> 0.78914141 | Q17: =Q15/Q16 -> 0.78072391 | R17: =R15/R16 -> 0.78371212 | S17: =S15/S16 -> 0.72004132 | W17: =W15/W16 -> 0.7243266 | X17: =X15/X16 -> 0.66860917 | Y17: =Y15/Y16 -> 0.66170635 | Z17: =Z15/Z16 -> 0.74368687 | AC17: =AC15/AC16 -> 0.69720644 | AD17: =AD15/AD16 -> 0.6561943 | AE17: =AE15/AE16 -> 0.61973906 | AF17: =AF15/AF16 -> 0.58712121
A21: PRESTIGE AUTO MONTPELLIER | B21: 1 | C21: 2 | D21: 3 | E21: 4 | F21: 5 | G21: 6 | H21: 7 | I21: 8 | J21: 9 | K21: 10 | L21: 11 | M21: 12 | N21: 13 | O21: 14 | P21: 15 | Q21: 16 | R21: 17 | S21: 18 | T21: 19 | U21: 20 | V21: 21 | W21: 22 | X21: 23 | Y21: 24 | Z21: 25 | AA21: 26 | AB21: 27 | AC21: 28 | AD21: 29 | AE21: 30 | AF21: 31
A22: CA REALISE (CLIENT CESSION GARANTIE) | C22: 0 | D22: 1889 | E22: 5893 | H22: 6282 | J22: 8418 | O22: 13857 | P22: 17124 | Q22: 18375 | R22: 21403 | S22: 23503 | W22: 26373 | X22: 28704 | Y22: 30935 | Z22: 31904 | AC22: 39124 | AD22: 41667 | AE22: 46980 | AF22: 54051
A23: OBJECTIF | C23: 2877 | D23: =C23+2877 -> 5754 | E23: =D23+2877 -> 8631 | H23: =E23+2877 -> 11508 | J23: =H23+2877 -> 14385 | L23: =J23+2877 -> 17262 | O23: =L23+2877 -> 20139 | P23: =O23+2877 -> 23016 | Q23: =P23+2877 -> 25893 | R23: =Q23+2877 -> 28770 | S23: =R23+2877 -> 31647 | W23: =S23+2877 -> 34524 | X23: =W23+2877 -> 37401 | Y23: =X23+2877 -> 40278 | Z23: =Y23+2877 -> 43155 | AC23: =Z23+2877 -> 46032 | AD23: =AC23+2877 -> 48909 | AE23: =AD23+2877 -> 51786 | AF23: =AE23+2877 -> 54663
A24: % DE REALISATION | C24: =C22/C23 -> 0 | D24: =D22/D23 -> 0.32829336 | E24: =E22/E23 -> 0.68277141 | H24: =H22/H23 -> 0.54588113 | J24: =J22/J23 -> 0.58519291 | L24: =L22/L23 -> 0 | O24: =O22/O23 -> 0.68806793 | P24: =P22/P23 -> 0.74400417 | Q24: =Q22/Q23 -> 0.70965126 | R24: =R22/R23 -> 0.74393465 | S24: =S22/S23 -> 0.74266123 | W24: =W22/W23 -> 0.76390337 | X24: =X22/X23 -> 0.76746611 | Y24: =Y22/Y23 -> 0.76803714 | Z24: =Z22/Z23 -> 0.73928861 | AC24: =AC22/AC23 -> 0.84993048 | AD24: =AD22/AD23 -> 0.85192909 | AE24: =AE22/AE23 -> 0.90719499 | AF24: =AF22/AF23 -> 0.98880413
A28: PRESTIGE AUTO NIMES | B28: 1 | C28: 2 | D28: 3 | E28: 4 | F28: 5 | G28: 6 | H28: 7 | I28: 8 | J28: 9 | K28: 10 | L28: 11 | M28: 12 | N28: 13 | O28: 14 | P28: 15 | Q28: 16 | R28: 17 | S28: 18 | T28: 19 | U28: 20 | V28: 21 | W28: 22 | X28: 23 | Y28: 24 | Z28: 25 | AA28: 26 | AB28: 27 | AC28: 28 | AD28: 29 | AE28: 30 | AF28: 31
A29: CA REALISE (CLIENT CESSION GARANTIE) | C29: 935 | D29: 2571 | E29: 6196 | H29: 7176 | J29: 8776 | O29: 10551 | P29: 12114 | Q29: 13061 | R29: 15629 | S29: 17725 | W29: 18815 | X29: 20158 | Y29: 21279 | Z29: 22806 | AC29: 24176 | AD29: 27014 | AE29: 28199 | AF29: 34363
A30: OBJECTIF | C30: 1770 | D30: =C30+1770 -> 3540 | E30: =D30+1770 -> 5310 | H30: =E30+1770 -> 7080 | J30: =H30+1770 -> 8850 | L30: =J30+1770 -> 10620 | O30: =L30+1770 -> 12390 | P30: =O30+1770 -> 14160 | Q30: =P30+1770 -> 15930 | R30: =Q30+1770 -> 17700 | S30: =R30+1770 -> 19470 | W30: =S30+1770 -> 21240 | X30: =W30+1770 -> 23010 | Y30: =X30+1770 -> 24780 | Z30: =Y30+1770 -> 26550 | AC30: =Z30+1770 -> 28320 | AD30: =AC30+1770 -> 30090 | AE30: =AD30+1770 -> 31860 | AF30: =AE30+1770 -> 33630
A31: % DE REALISATION | C31: =C29/C30 -> 0.52824859 | D31: =D29/D30 -> 0.72627119 | E31: =E29/E30 -> 1.166855 | H31: =H29/H30 -> 1.0135593 | J31: =J29/J30 -> 0.99163842 | L31: =L29/L30 -> 0 | O31: =O29/O30 -> 0.85157385 | P31: =P29/P30 -> 0.85550847 | Q31: =Q29/Q30 -> 0.81989956 | R31: =R29/R30 -> 0.88299435 | S31: =S29/S30 -> 0.91037494 | W31: =W29/W30 -> 0.88582863 | X31: =X29/X30 -> 0.87605389 | Y31: =Y29/Y30 -> 0.85871671 | Z31: =Z29/Z30 -> 0.85898305 | AC31: =AC29/AC30 -> 0.85367232 | AD31: =AD29/AD30 -> 0.89777335 | AE31: =AE29/AE30 -> 0.88509102 | AF31: =AF29/AF30 -> 1.021796
A35: FORD LATTES | B35: 1 | C35: 2 | D35: 3 | E35: 4 | F35: 5 | G35: 6 | H35: 7 | I35: 8 | J35: 9 | K35: 10 | L35: 11 | M35: 12 | N35: 13 | O35: 14 | P35: 15 | Q35: 16 | R35: 17 | S35: 18 | T35: 19 | U35: 20 | V35: 21 | W35: 22 | X35: 23 | Y35: 24 | Z35: 25 | AA35: 26 | AB35: 27 | AC35: 28 | AD35: 29 | AE35: 30 | AF35: 31
A36: CA REALISE (CLIENT CESSION GARANTIE) | C36: 1400 | D36: 1629 | E36: 3828 | H36: 5433 | J36: 7773 | O36: 10544 | P36: 12157 | Q36: 14121 | R36: 19795 | S36: 22811 | W36: 25050 | X36: 28345 | Y36: 34234 | Z36: 36227 | AC36: 39123 | AD36: 42114 | AE36: 45148 | AF36: 51365
A37: OBJECTIF | C37: 3262 | D37: =C37+3262 -> 6524 | E37: =D37+3262 -> 9786 | H37: =E37+3262 -> 13048 | J37: =H37+3262 -> 16310 | L37: =J37+3262 -> 19572 | O37: =L37+3262 -> 22834 | P37: =O37+3262 -> 26096 | Q37: =P37+3262 -> 29358 | R37: =Q37+3262 -> 32620 | S37: =R37+3262 -> 35882 | W37: =S37+3262 -> 39144 | X37: =W37+3262 -> 42406 | Y37: =X37+3262 -> 45668 | Z37: =Y37+3262 -> 48930 | AC37: =Z37+3262 -> 52192 | AD37: =AC37+3262 -> 55454 | AE37: =AD37+3262 -> 58716 | AF37: =AE37+3262 -> 61978
A38: % DE REALISATION | C38: =C36/C37 -> 0.42918455 | D38: =D36/D37 -> 0.24969344 | E38: =E36/E37 -> 0.39117106 | H38: =H36/H37 -> 0.41638565 | J38: =J36/J37 -> 0.47657879 | L38: =L36/L37 -> 0 | O38: =O36/O37 -> 0.46176754 | P38: =P36/P37 -> 0.46585684 | Q38: =Q36/Q37 -> 0.48099326 | R38: =R36/R37 -> 0.6068363 | S38: =S36/S37 -> 0.63572265 | W38: =W36/W37 -> 0.63994482 | X38: =X36/X37 -> 0.66841956 | Y38: =Y36/Y37 -> 0.74962775 | Z38: =Z36/Z37 -> 0.74038422 | AC38: =AC36/AC37 -> 0.74959764 | AD38: =AD36/AD37 -> 0.75944026 | AE38: =AE36/AE37 -> 0.76892159 | AF38: =AF36/AF37 -> 0.82876182
A42: FORD PEROLS | B42: 1 | C42: 2 | D42: 3 | E42: 4 | F42: 5 | G42: 6 | H42: 7 | I42: 8 | J42: 9 | K42: 10 | L42: 11 | M42: 12 | N42: 13 | O42: 14 | P42: 15 | Q42: 16 | R42: 17 | S42: 18 | T42: 19 | U42: 20 | V42: 21 | W42: 22 | X42: 23 | Y42: 24 | Z42: 25 | AA42: 26 | AB42: 27 | AC42: 28 | AD42: 29 | AE42: 30 | AF42: 31
A43: CA REALISE (CLIENT CESSION GARANTIE) | C43: 917 | D43: 1157 | E43: 1957 | H43: 1957 | J43: 3306 | O43: 5000 | P43: 4982 | Q43: 5351 | R43: 5819 | S43: 6302 | W43: 6302 | X43: 6302 | Y43: 6302 | Z43: 6302 | AC43: 9064 | AD43: 10389 | AE43: 10910 | AF43: 12162
A44: OBJECTIF | C44: =731 -> 731 | D44: =C44+731 -> 1462 | E44: =D44+731 -> 2193 | H44: =E44+731 -> 2924 | J44: =H44+731 -> 3655 | L44: =J44+731 -> 4386 | O44: =L44+731 -> 5117 | P44: =O44+731 -> 5848 | Q44: =P44+731 -> 6579 | R44: =Q44+731 -> 7310 | S44: =R44+731 -> 8041 | W44: =S44+731 -> 8772 | X44: =W44+731 -> 9503 | Y44: =X44+731 -> 10234 | Z44: =Y44+731 -> 10965 | AC44: =Z44+731 -> 11696 | AD44: =AC44+731 -> 12427 | AE44: =AD44+731 -> 13158 | AF44: =AE44+731 -> 13889
A45: % DE REALISATION | C45: =C43/C44 -> 1.254446 | D45: =D43/D44 -> 0.79138167 | E45: =E43/E44 -> 0.89238486 | H45: =H43/H44 -> 0.66928865 | J45: =J43/J44 -> 0.90451436 | L45: =L43/L44 -> 0 | O45: =O43/O44 -> 0.97713504 | P45: =P43/P44 -> 0.85191518 | Q45: =Q43/Q44 -> 0.81334549 | R45: =R43/R44 -> 0.79603283 | S45: =S43/S44 -> 0.78373337 | W45: =W43/W44 -> 0.71842225 | X45: =X43/X44 -> 0.663159 | Y45: =Y43/Y44 -> 0.6157905 | Z45: =Z43/Z44 -> 0.5747378 | AC45: =AC43/AC44 -> 0.7749658 | AD45: =AD43/AD44 -> 0.83600225 | AE45: =AE43/AE44 -> 0.82915337 | AF45: =AF43/AF44 -> 0.87565699
A48: SETE | B48: 1 | C48: 2 | D48: 3 | E48: 4 | F48: 5 | G48: 6 | H48: 7 | I48: 8 | J48: 9 | K48: 10 | L48: 11 | M48: 12 | N48: 13 | O48: 14 | P48: 15 | Q48: 16 | R48: 17 | S48: 18 | T48: 19 | U48: 20 | V48: 21 | W48: 22 | X48: 23 | Y48: 24 | Z48: 25 | AA48: 26 | AB48: 27 | AC48: 28 | AD48: 29 | AE48: 30 | AF48: 31
A49: CA REALISE (CLIENT CESSION GARANTIE) | C49: 117 | D49: 469 | E49: 1224 | H49: 1697 | J49: 2661 | O49: 4495 | P49: 4495 | Q49: 5789 | R49: 6306 | S49: 6703 | W49: 6945 | X49: 7309 | Y49: 7306 | Z49: 7932 | AC49: 8309 | AD49: 8692 | AE49: 9321 | AF49: 9945
A50: OBJECTIF | C50: 515 | D50: =C50+515 -> 1030 | E50: =D50+515 -> 1545 | H50: =E50+515 -> 2060 | J50: =H50+515 -> 2575 | L50: =J50+515 -> 3090 | O50: =L50+515 -> 3605 | P50: =O50+515 -> 4120 | Q50: =P50+515 -> 4635 | R50: =Q50+515 -> 5150 | S50: =R50+515 -> 5665 | W50: =S50+515 -> 6180 | X50: =W50+515 -> 6695 | Y50: =X50+515 -> 7210 | Z50: =Y50+515 -> 7725 | AC50: =Z50+515 -> 8240 | AD50: =AC50+515 -> 8755 | AE50: =AD50+515 -> 9270 | AF50: =AE50+515 -> 9785
A51: % DE REALISATION | C51: =C49/C50 -> 0.22718447 | D51: =D49/D50 -> 0.45533981 | E51: =E49/E50 -> 0.79223301 | H51: =H49/H50 -> 0.82378641 | J51: =J49/J50 -> 1.0333981 | L51: =L49/L50 -> 0 | O51: =O49/O50 -> 1.2468793 | P51: =P49/P50 -> 1.0910194 | Q51: =Q49/Q50 -> 1.2489752 | R51: =R49/R50 -> 1.224466 | S51: =S49/S50 -> 1.1832304 | W51: =W49/W50 -> 1.1237864 | X51: =X49/X50 -> 1.0917102 | Y51: =Y49/Y50 -> 1.0133148 | Z51: =Z49/Z50 -> 1.0267961 | AC51: =AC49/AC50 -> 1.0083738 | AD51: =AD49/AD50 -> 0.99280411 | AE51: =AE49/AE50 -> 1.0055016 | AF51: =AF49/AF50 -> 1.0163516
A55: CARROSSERIE ST JEAN DE VEDAS | B55: 1 | C55: 2 | D55: 3 | E55: 4 | F55: 5 | G55: 6 | H55: 7 | I55: 8 | J55: 9 | K55: 10 | L55: 11 | M55: 12 | N55: 13 | O55: 14 | P55: 15 | Q55: 16 | R55: 17 | S55: 18 | T55: 19 | U55: 20 | V55: 21 | W55: 22 | X55: 23 | Y55: 24 | Z55: 25 | AA55: 26 | AB55: 27 | AC55: 28 | AD55: 29 | AE55: 30 | AF55: 31
A56: CA REALISE (CLIENT CESSION GARANTIE) | C56: 2193 | D56: 4717 | H56: 7167 | J56: 8231 | O56: 14622 | P56: 15041 | Q56: 16312 | R56: 20402 | S56: 23568 | W56: 24443 | X56: 25054 | Y56: 26265 | Z56: 27709 | AC56: 31055 | AD56: 32184 | AE56: 34459 | AF56: 37690
A57: OBJECTIF | C57: 2004 | D57: =C57+2004 -> 4008 | E57: =D57+2004 -> 6012 | H57: =E57+2004 -> 8016 | J57: =H57+2004 -> 10020 | L57: =J57+2004 -> 12024 | O57: =L57+2004 -> 14028 | P57: =O57+2004 -> 16032 | Q57: =P57+2004 -> 18036 | R57: =Q57+2004 -> 20040 | S57: =R57+2004 -> 22044 | W57: =S57+2004 -> 24048 | X57: =W57+2004 -> 26052 | Y57: =X57+2004 -> 28056 | Z57: =Y57+2004 -> 30060 | AC57: =Z57+2004 -> 32064 | AD57: =AC57+2004 -> 34068 | AE57: =AD57+2004 -> 36072 | AF57: =AE57+2004 -> 38076
A58: % DE REALISATION | C58: =C56/C57 -> 1.0943114 | D58: =D56/D57 -> 1.1768962 | E58: =E56/E57 -> 0 | H58: =H56/H57 -> 0.89408683 | J58: =J56/J57 -> 0.82145709 | L58: =L56/L57 -> 0 | O58: =O56/O57 -> 1.0423439 | P58: =P56/P57 -> 0.93818613 | Q58: =Q56/Q57 -> 0.9044134 | R58: =R56/R57 -> 1.0180639 | S58: =S56/S57 -> 1.0691345 | W58: =W56/W57 -> 1.0164255 | X58: =X56/X57 -> 0.961692 | Y58: =Y56/Y57 -> 0.93616339 | Z58: =Z56/Z57 -> 0.92178975 | AC58: =AC56/AC57 -> 0.96853169 | AD58: =AD56/AD57 -> 0.94469884 | AE58: =AE56/AE57 -> 0.95528388 | AF58: =AF56/AF57 -> 0.98986238
A62: FORD RODEZ | B62: 1 | C62: 2 | D62: 3 | E62: 4 | F62: 5 | G62: 6 | H62: 7 | I62: 8 | J62: 9 | K62: 10 | L62: 11 | M62: 12 | N62: 13 | O62: 14 | P62: 15 | Q62: 16 | R62: 17 | S62: 18 | T62: 19 | U62: 20 | V62: 21 | W62: 22 | X62: 23 | Y62: 24 | Z62: 25 | AA62: 26 | AB62: 27 | AC62: 28 | AD62: 29 | AE62: 30 | AF62: 31
A63: CA REALISE (CLIENT CESSION GARANTIE) | C63: 321 | D63: 977 | E63: 1848 | H63: 2643 | J63: 2740 | O63: 3672 | P63: 5018 | Q63: 5949 | R63: 6360 | S63: 9857 | W63: 10425 | X63: 11335 | Y63: 13192 | Z63: 14343 | AC63: 16111 | AD63: 17369 | AE63: 18682 | AF63: 20750
A64: OBJECTIF | C64: 913 | D64: =C64+913 -> 1826 | E64: =D64+913 -> 2739 | H64: =E64+913 -> 3652 | J64: =H64+913 -> 4565 | L64: =J64+913 -> 5478 | O64: =L64+913 -> 6391 | P64: =O64+913 -> 7304 | Q64: =P64+913 -> 8217 | R64: =Q64+913 -> 9130 | S64: =R64+913 -> 10043 | W64: =S64+913 -> 10956 | X64: =W64+913 -> 11869 | Y64: =X64+913 -> 12782 | Z64: =Y64+913 -> 13695 | AC64: =Z64+913 -> 14608 | AD64: =AC64+913 -> 15521 | AE64: =AD64+913 -> 16434 | AF64: =AE64+913 -> 17347
A65: % DE REALISATION | C65: =C63/C64 -> 0.35158817 | D65: =D63/D64 -> 0.53504929 | E65: =E63/E64 -> 0.6746988 | H65: =H63/H64 -> 0.72371303 | J65: =J63/J64 -> 0.60021906 | L65: =L63/L64 -> 0 | O65: =O63/O64 -> 0.57455797 | P65: =P63/P64 -> 0.68702081 | Q65: =Q63/Q64 -> 0.72398686 | R65: =R63/R64 -> 0.6966046 | S65: =S63/S64 -> 0.98147964 | W65: =W63/W64 -> 0.95153341 | X65: =X63/X64 -> 0.95500885 | Y65: =Y63/Y64 -> 1.0320764 | Z65: =Z63/Z64 -> 1.0473165 | AC65: =AC63/AC64 -> 1.1028888 | AD65: =AD63/AD64 -> 1.1190645 | AE65: =AE63/AE64 -> 1.1367896 | AF65: =AF63/AF64 -> 1.1961722
A69: LAND ROVER RODEZ | B69: 1 | C69: 2 | D69: 3 | E69: 4 | F69: 5 | G69: 6 | H69: 7 | I69: 8 | J69: 9 | K69: 10 | L69: 11 | M69: 12 | N69: 13 | O69: 14 | P69: 15 | Q69: 16 | R69: 17 | S69: 18 | T69: 19 | U69: 20 | V69: 21 | W69: 22 | X69: 23 | Y69: 24 | Z69: 25 | AA69: 26 | AB69: 27 | AC69: 28 | AD69: 29 | AE69: 30 | AF69: 31
A70: CA REALISE (CLIENT CESSION GARANTIE) | C70: 981 | D70: 2379 | E70: 4547 | H70: 4573 | J70: 5744 | O70: 6646 | P70: 7808 | Q70: 8261 | R70: 8853 | S70: 9386 | W70: 9343 | X70: 10020 | Y70: 11572 | Z70: 11964 | AC70: 12460 | AD70: 12667 | AE70: 13460 | AF70: 16578
A71: OBJECTIF | C71: 861 | D71: =C71+861 -> 1722 | E71: =D71+861 -> 2583 | H71: =E71+861 -> 3444 | J71: =H71+861 -> 4305 | L71: =J71+861 -> 5166 | O71: =L71+861 -> 6027 | P71: =O71+861 -> 6888 | Q71: =P71+861 -> 7749 | R71: =Q71+861 -> 8610 | S71: =R71+861 -> 9471 | W71: =S71+861 -> 10332 | X71: =W71+861 -> 11193 | Y71: =X71+861 -> 12054 | Z71: =Y71+861 -> 12915 | AC71: =Z71+861 -> 13776 | AD71: =AC71+861 -> 14637 | AE71: =AD71+861 -> 15498 | AF71: =AE71+861 -> 16359
A72: % DE REALISATION | C72: =C70/C71 -> 1.1393728 | D72: =D70/D71 -> 1.3815331 | E72: =E70/E71 -> 1.7603562 | H72: =H70/H71 -> 1.3278165 | J72: =J70/J71 -> 1.3342625 | L72: =L70/L71 -> 0 | O72: =O70/O71 -> 1.1027045 | P72: =P70/P71 -> 1.1335656 | Q72: =Q70/Q71 -> 1.066073 | R72: =R70/R71 -> 1.028223 | S72: =S70/S71 -> 0.99102523 | W72: =W70/W71 -> 0.90427797 | X72: =X70/X71 -> 0.89520236 | Y72: =Y70/Y71 -> 0.96001327 | Z72: =Z70/Z71 -> 0.92636469 | AC72: =AC70/AC71 -> 0.90447154 | AD72: =AD70/AD71 -> 0.86540958 | AE72: =AE70/AE71 -> 0.86849916 | AF72: =AF70/AF71 -> 1.0133871

Sheet Juin 2018
C1: Suivi objectif réalisation CA par atelier
AG3: =21 -> 21
S5: 5188
A7: GRIM PASSION LATTES | B7: 1 | C7: 2 | D7: 3 | E7: 4 | F7: 5 | G7: 6 | H7: 7 | I7: 8 | J7: 9 | K7: 10 | L7: 11 | M7: 12 | N7: 13 | O7: 14 | P7: 15 | Q7: 16 | R7: 17 | S7: 18 | T7: 19 | U7: 20 | V7: 21 | W7: 22 | X7: 23 | Y7: 24 | Z7: 25 | AA7: 26 | AB7: 27 | AC7: 28 | AD7: 29 | AE7: 30
A8: CA REALISE (CLIENT CESSION GARANTIE) | B8: 4826 | E8: 9328 | F8: 15620 | G8: 19918 | H8: 23981 | I8: 26140 | L8: 29416 | M8: 34070 | N8: 40132 | O8: 46142 | P8: 52225 | S8: 55964 | T8: 60602 | U8: 65826 | V8: 72939 | W8: 78962 | Z8: 82609 | AA8: 87797 | AB8: 91933 | AC8: 100288 | AD8: 108839
A9: OBJECTIF | B9: 5856 | E9: =B9+5856 -> 11712 | F9: =E9+5856 -> 17568 | G9: =F9+5856 -> 23424 | H9: =G9+5856 -> 29280 | I9: =H9+5856 -> 35136 | L9: =I9+5856 -> 40992 | M9: =L9+5856 -> 46848 | N9: =M9+5856 -> 52704 | O9: =N9+5856 -> 58560 | P9: =O9+5856 -> 64416 | S9: =P9+5856 -> 70272 | T9: =S9+5856 -> 76128 | U9: =T9+5856 -> 81984 | V9: =U9+5856 -> 87840 | W9: =V9+5856 -> 93696 | Z9: =W9+5856 -> 99552 | AA9: =Z9+5856 -> 105408 | AB9: =AA9+5856 -> 111264 | AC9: =AB9+5856 -> 117120 | AD9: =AC9+5856 -> 122976
A10: % DE REALISATION | B10: =B8/B9 -> 0.82411202 | E10: =E8/E9 -> 0.79644809 | F10: =F8/F9 -> 0.88911658 | G10: =G8/G9 -> 0.85032445 | H10: =H8/H9 -> 0.81902322 | I10: =I8/I9 -> 0.7439663 | L10: =L8/L9 -> 0.71760343 | M10: =M8/M9 -> 0.72724556 | N10: =N8/N9 -> 0.76146023 | O10: =O8/O9 -> 0.78794399 | P10: =P8/P9 -> 0.81074578 | S10: =S8/S9 -> 0.79639117 | T10: =T8/T9 -> 0.79605401 | U10: =U8/U9 -> 0.80291276 | V10: =V8/V9 -> 0.83036202 | W10: =W8/W9 -> 0.84274676 | Z10: =Z8/Z9 -> 0.82980754 | AA10: =AA8/AA9 -> 0.83292539 | AB10: =AB8/AB9 -> 0.82626007 | AC10: =AC8/AC9 -> 0.85628415 | AD10: =AD8/AD9 -> 0.88504261
A14: GRIM PASSION PEROLS | B14: 1 | C14: 2 | D14: 3 | E14: 4 | F14: 5 | G14: 6 | H14: 7 | I14: 8 | J14: 9 | K14: 10 | L14: 11 | M14: 12 | N14: 13 | O14: 14 | P14: 15 | Q14: 16 | R14: 17 | S14: 18 | T14: 19 | U14: 20 | V14: 21 | W14: 22 | X14: 23 | Y14: 24 | Z14: 25 | AA14: 26 | AB14: 27 | AC14: 28 | AD14: 29 | AE14: 30
A15: CA REALISE (CLIENT CESSION GARANTIE) | B15: 0 | E15: 0 | F15: 1142 | G15: 1861 | H15: 1861 | I15: 2390 | L15: 3430 | M15: 4302 | N15: 4302 | O15: 4449 | P15: 5788 | S15: 6834 | T15: 7967 | U15: 8592 | V15: 8592 | W15: 8592 | Z15: 8974 | AA15: 9522 | AB15: 10003 | AC15: 10877 | AD15: 11443
A16: OBJECTIF | B16: 792 | E16: =B16+792 -> 1584 | F16: =E16+792 -> 2376 | G16: =F16+792 -> 3168 | H16: =G16+792 -> 3960 | I16: =H16+792 -> 4752 | L16: =I16+792 -> 5544 | M16: =L16+792 -> 6336 | N16: =M16+792 -> 7128 | O16: =N16+792 -> 7920 | P16: =O16+792 -> 8712 | S16: =P16+792 -> 9504 | T16: =S16+792 -> 10296 | U16: =T16+792 -> 11088 | V16: =U16+792 -> 11880 | W16: =V16+792 -> 12672 | Z16: =W16+792 -> 13464 | AA16: =Z16+792 -> 14256 | AB16: =AA16+792 -> 15048 | AC16: =AB16+792 -> 15840 | AD16: =AC16+792 -> 16632
A17: % DE REALISATION | B17: =B15/B16 -> 0 | E17: =E15/E16 -> 0 | F17: =F15/F16 -> 0.48063973 | G17: =G15/G16 -> 0.58743687 | H17: =H15/H16 -> 0.46994949 | I17: =I15/I16 -> 0.50294613 | L17: =L15/L16 -> 0.61868687 | M17: =M15/M16 -> 0.67897727 | N17: =N15/N16 -> 0.60353535 | O17: =O15/O16 -> 0.56174242 | P17: =P15/P16 -> 0.66437098 | S17: =S15/S16 -> 0.71906566 | T17: =T15/T16 -> 0.77379565 | U17: =U15/U16 -> 0.77489177 | V17: =V15/V16 -> 0.72323232 | W17: =W15/W16 -> 0.6780303 | Z17: =Z15/Z16 -> 0.66651812 | AA17: =AA15/AA16 -> 0.66792929 | AB17: =AB15/AB16 -> 0.6647395 | AC17: =AC15/AC16 -> 0.68667929 | AD17: =AD15/AD16 -> 0.68801106
A21: PRESTIGE AUTO MONTPELLIER | B21: 1 | C21: 2 | D21: 3 | E21: 4 | F21: 5 | G21: 6 | H21: 7 | I21: 8 | J21: 9 | K21: 10 | L21: 11 | M21: 12 | N21: 13 | O21: 14 | P21: 15 | Q21: 16 | R21: 17 | S21: 18 | T21: 19 | U21: 20 | V21: 21 | W21: 22 | X21: 23 | Y21: 24 | Z21: 25 | AA21: 26 | AB21: 27 | AC21: 28 | AD21: 29 | AE21: 30
A22: CA REALISE (CLIENT CESSION GARANTIE) | B22: 3105 | E22: 4421 | F22: 5573 | G22: 5874 | H22: 8308 | I22: 12036 | L22: 13928 | M22: 15693 | N22: 18776 | O22: 20789 | P22: 25702 | S22: 28377 | T22: 30588 | U22: 32457 | V22: 37208 | W22: 40741 | Z22: 41254 | AA22: 44421 | AB22: 47335 | AC22: 48982 | AD22: 58811
A23: OBJECTIF | B23: 2877 | E23: =B23+2877 -> 5754 | F23: =E23+2877 -> 8631 | G23: =F23+2877 -> 11508 | H23: =G23+2877 -> 14385 | I23: =H23+2877 -> 17262 | L23: =I23+2877 -> 20139 | M23: =L23+2877 -> 23016 | N23: =M23+2877 -> 25893 | O23: =N23+2877 -> 28770 | P23: =O23+2877 -> 31647 | S23: =P23+2877 -> 34524 | T23: =S23+2877 -> 37401 | U23: =T23+2877 -> 40278 | V23: =U23+2877 -> 43155 | W23: =V23+2877 -> 46032 | Z23: =W23+2877 -> 48909 | AA23: =Z23+2877 -> 51786 | AB23: =AA23+2877 -> 54663 | AC23: =AB23+2877 -> 57540 | AD23: =AC23+2877 -> 60417
A24: % DE REALISATION | B24: =B22/B23 -> 1.0792492 | E24: =E22/E23 -> 0.76833507 | F24: =F22/F23 -> 0.64569575 | G24: =G22/G23 -> 0.51042753 | H24: =H22/H23 -> 0.57754605 | I24: =I22/I23 -> 0.69725408 | L24: =L22/L23 -> 0.69159343 | M24: =M22/M23 -> 0.68183003 | N24: =N22/N23 -> 0.72513807 | O24: =O22/O23 -> 0.72259298 | P24: =P22/P23 -> 0.81214649 | S24: =S22/S23 -> 0.82194995 | T24: =T22/T23 -> 0.8178391 | U24: =U22/U23 -> 0.80582452 | V24: =V22/V23 -> 0.86219442 | W24: =W22/W23 -> 0.88505822 | Z24: =Z22/Z23 -> 0.84348484 | AA24: =AA22/AA23 -> 0.8577801 | AB24: =AB22/AB23 -> 0.86594223 | AC24: =AC22/AC23 -> 0.85126868 | AD24: =AD22/AD23 -> 0.97341808
A28: PRESTIGE AUTO NIMES | B28: 1 | C28: 2 | D28: 3 | E28: 4 | F28: 5 | G28: 6 | H28: 7 | I28: 8 | J28: 9 | K28: 10 | L28: 11 | M28: 12 | N28: 13 | O28: 14 | P28: 15 | Q28: 16 | R28: 17 | S28: 18 | T28: 19 | U28: 20 | V28: 21 | W28: 22 | X28: 23 | Y28: 24 | Z28: 25 | AA28: 26 | AB28: 27 | AC28: 28 | AD28: 29 | AE28: 30
A29: CA REALISE (CLIENT CESSION GARANTIE) | B29: 788 | E29: 1171 | F29: 1868 | G29: 3297 | H29: 4942 | I29: 5286 | L29: 6410 | M29: 8558 | N29: 9800 | O29: 10624 | P29: 12585 | S29: 13288 | T29: 14594 | U29: 15716 | V29: 16059 | W29: 17273 | Z29: 19018 | AA29: 22197 | AB29: 23211 | AC29: 25144 | AD29: 29315
A30: OBJECTIF | B30: 1770 | E30: =B30+1770 -> 3540 | F30: =E30+1770 -> 5310 | G30: =F30+1770 -> 7080 | H30: =G30+1770 -> 8850 | I30: =H30+1770 -> 10620 | L30: =I30+1770 -> 12390 | M30: =L30+1770 -> 14160 | N30: =M30+1770 -> 15930 | O30: =N30+1770 -> 17700 | P30: =O30+1770 -> 19470 | S30: =P30+1770 -> 21240 | T30: =S30+1770 -> 23010 | U30: =T30+1770 -> 24780 | V30: =U30+1770 -> 26550 | W30: =V30+1770 -> 28320 | Z30: =W30+1770 -> 30090 | AA30: =Z30+1770 -> 31860 | AB30: =AA30+1770 -> 33630 | AC30: =AB30+1770 -> 35400 | AD30: =AC30+1770 -> 37170
A31: % DE REALISATION | B31: =B29/B30 -> 0.44519774 | E31: =E29/E30 -> 0.33079096 | F31: =F29/F30 -> 0.35178908 | G31: =G29/G30 -> 0.46567797 | H31: =H29/H30 -> 0.55841808 | I31: =I29/I30 -> 0.49774011 | L31: =L29/L30 -> 0.5173527 | M31: =M29/M30 -> 0.60437853 | N31: =N29/N30 -> 0.61519146 | O31: =O29/O30 -> 0.60022599 | P31: =P29/P30 -> 0.64637904 | S31: =S29/S30 -> 0.62561205 | T31: =T29/T30 -> 0.63424598 | U31: =U29/U30 -> 0.63422115 | V31: =V29/V30 -> 0.60485876 | W31: =W29/W30 -> 0.60992232 | Z31: =Z29/Z30 -> 0.63203722 | AA31: =AA29/AA30 -> 0.69670433 | AB31: =AB29/AB30 -> 0.69018733 | AC31: =AC29/AC30 -> 0.71028249 | AD31: =AD29/AD30 -> 0.78867366
A35: FORD LATTES | B35: 1 | C35: 2 | D35: 3 | E35: 4 | F35: 5 | G35: 6 | H35: 7 | I35: 8 | J35: 9 | K35: 10 | L35: 11 | M35: 12 | N35: 13 | O35: 14 | P35: 15 | Q35: 16 | R35: 17 | S35: 18 | T35: 19 | U35: 20 | V35: 21 | W35: 22 | X35: 23 | Y35: 24 | Z35: 25 | AA35: 26 | AB35: 27 | AC35: 28 | AD35: 29 | AE35: 30
A36: CA REALISE (CLIENT CESSION GARANTIE) | B36: 1431 | E36: 2644 | F36: 4420 | G36: 6707 | H36: 9683 | I36: 12711 | L36: 14893 | M36: 19257 | N36: 21141 | O36: 23146 | P36: 24574 | S36: 28869 | T36: 31678 | U36: 34144 | V36: 37280 | W36: 39401 | Z36: 43222 | AA36: 47886 | AB36: 50088 | AC36: 58859 | AD36: 64991
A37: OBJECTIF | B37: 3262 | E37: =B37+3262 -> 6524 | F37: =E37+3262 -> 9786 | G37: =F37+3262 -> 13048 | H37: =G37+3262 -> 16310 | I37: =H37+3262 -> 19572 | L37: =I37+3262 -> 22834 | M37: =L37+3262 -> 26096 | N37: =M37+3262 -> 29358 | O37: =N37+3262 -> 32620 | P37: =O37+3262 -> 35882 | S37: =P37+3262 -> 39144 | T37: =S37+3262 -> 42406 | U37: =T37+3262 -> 45668 | V37: =U37+3262 -> 48930 | W37: =V37+3262 -> 52192 | Z37: =W37+3262 -> 55454 | AA37: =Z37+3262 -> 58716 | AB37: =AA37+3262 -> 61978 | AC37: =AB37+3262 -> 65240 | AD37: =AC37+3262 -> 68502
A38: % DE REALISATION | B38: =B36/B37 -> 0.43868792 | E38: =E36/E37 -> 0.40527284 | F38: =F36/F37 -> 0.45166564 | G38: =G36/G37 -> 0.51402514 | H38: =H36/H37 -> 0.59368486 | I38: =I36/I37 -> 0.64944819 | L38: =L36/L37 -> 0.65222913 | M38: =M36/M37 -> 0.73792918 | N38: =N36/N37 -> 0.72011036 | O38: =O36/O37 -> 0.70956468 | P38: =P36/P37 -> 0.68485592 | S38: =S36/S37 -> 0.73750766 | T38: =T36/T37 -> 0.74701693 | U38: =U36/U37 -> 0.747657 | V38: =V36/V37 -> 0.76190476 | W38: =W36/W37 -> 0.75492413 | Z38: =Z36/Z37 -> 0.77942078 | AA38: =AA36/AA37 -> 0.81555283 | AB38: =AB36/AB37 -> 0.80815773 | AC38: =AC36/AC37 -> 0.90219191 | AD38: =AD36/AD37 -> 0.94874602
A42: FORD PEROLS | B42: 1 | C42: 2 | D42: 3 | E42: 4 | F42: 5 | G42: 6 | H42: 7 | I42: 8 | J42: 9 | K42: 10 | L42: 11 | M42: 12 | N42: 13 | O42: 14 | P42: 15 | Q42: 16 | R42: 17 | S42: 18 | T42: 19 | U42: 20 | V42: 21 | W42: 22 | X42: 23 | Y42: 24 | Z42: 25 | AA42: 26 | AB42: 27 | AC42: 28 | AD42: 29 | AE42: 30
A43: CA REALISE (CLIENT CESSION GARANTIE) | B43: 746 | E43: 1193 | F43: 1865 | G43: 2098 | H43: 2517 | I43: 2848 | L43: 3684 | M43: 3900 | N43: 4308 | O43: 4308 | P43: 4959 | S43: 5573 | T43: 5991 | U43: 6303 | V43: 7150 | W43: 8110 | Z43: 8753 | AA43: 9089 | AB43: 12438 | AC43: 13643 | AD43: 13873
A44: OBJECTIF | B44: =731 -> 731 | E44: =B44+731 -> 1462 | F44: =E44+731 -> 2193 | G44: =F44+731 -> 2924 | H44: =G44+731 -> 3655 | I44: =H44+731 -> 4386 | L44: =I44+731 -> 5117 | M44: =L44+731 -> 5848 | N44: =M44+731 -> 6579 | O44: =N44+731 -> 7310 | P44: =O44+731 -> 8041 | S44: =P44+731 -> 8772 | T44: =S44+731 -> 9503 | U44: =T44+731 -> 10234 | V44: =U44+731 -> 10965 | W44: =V44+731 -> 11696 | Z44: =W44+731 -> 12427 | AA44: =Z44+731 -> 13158 | AB44: =AA44+731 -> 13889 | AC44: =AB44+731 -> 14620 | AD44: =AC44+731 -> 15351
A45: % DE REALISATION | B45: =B43/B44 -> 1.0205198 | E45: =E43/E44 -> 0.81600547 | F45: =F43/F44 -> 0.8504332 | G45: =G43/G44 -> 0.71751026 | H45: =H43/H44 -> 0.68864569 | I45: =I43/I44 -> 0.64933881 | L45: =L43/L44 -> 0.7199531 | M45: =M43/M44 -> 0.66689466 | N45: =N43/N44 -> 0.65481076 | O45: =O43/O44 -> 0.58932969 | P45: =P43/P44 -> 0.61671434 | S45: =S43/S44 -> 0.63531692 | T45: =T43/T44 -> 0.6304325 | U45: =U43/U44 -> 0.61588822 | V45: =V43/V44 -> 0.65207478 | W45: =W43/W44 -> 0.69339945 | Z45: =Z43/Z44 -> 0.70435342 | AA45: =AA43/AA44 -> 0.69075847 | AB45: =AB43/AB44 -> 0.89552884 | AC45: =AC43/AC44 -> 0.93317373 | AD45: =AD43/AD44 -> 0.90371963
A48: SETE | B48: 1 | C48: 2 | D48: 3 | E48: 4 | F48: 5 | G48: 6 | H48: 7 | I48: 8 | J48: 9 | K48: 10 | L48: 11 | M48: 12 | N48: 13 | O48: 14 | P48: 15 | Q48: 16 | R48: 17 | S48: 18 | T48: 19 | U48: 20 | V48: 21 | W48: 22 | X48: 23 | Y48: 24 | Z48: 25 | AA48: 26 | AB48: 27 | AC48: 28 | AD48: 29 | AE48: 30
A49: CA REALISE (CLIENT CESSION GARANTIE) | B49: 508 | E49: 781 | F49: 1211 | G49: 1719 | H49: 2034 | I49: 2169 | L49: 2474 | M49: 2986 | N49: 3285 | O49: 3732 | P49: 4552 | S49: 5002 | T49: 5330 | U49: 5650 | V49: 6425 | W49: 7156 | Z49: 7686 | AA49: 8924 | AB49: 9625 | AC49: 11738 | AD49: 12261
A50: OBJECTIF | B50: 515 | E50: =B50+515 -> 1030 | F50: =E50+515 -> 1545 | G50: =F50+515 -> 2060 | H50: =G50+515 -> 2575 | I50: =H50+515 -> 3090 | L50: =I50+515 -> 3605 | M50: =L50+515 -> 4120 | N50: =M50+515 -> 4635 | O50: =N50+515 -> 5150 | P50: =O50+515 -> 5665 | S50: =P50+515 -> 6180 | T50: =S50+515 -> 6695 | U50: =T50+515 -> 7210 | V50: =U50+515 -> 7725 | W50: =V50+515 -> 8240 | Z50: =W50+515 -> 8755 | AA50: =Z50+515 -> 9270 | AB50: =AA50+515 -> 9785 | AC50: =AB50+515 -> 10300 | AD50: =AC50+515 -> 10815
A51: % DE REALISATION | B51: =B49/B50 -> 0.98640777 | E51: =E49/E50 -> 0.75825243 | F51: =F49/F50 -> 0.78381877 | G51: =G49/G50 -> 0.83446602 | H51: =H49/H50 -> 0.78990291 | I51: =I49/I50 -> 0.70194175 | L51: =L49/L50 -> 0.68626907 | M51: =M49/M50 -> 0.72475728 | N51: =N49/N50 -> 0.70873786 | O51: =O49/O50 -> 0.72466019 | P51: =P49/P50 -> 0.80353045 | S51: =S49/S50 -> 0.80938511 | T51: =T49/T50 -> 0.7961165 | U51: =U49/U50 -> 0.78363384 | V51: =V49/V50 -> 0.83171521 | W51: =W49/W50 -> 0.8684466 | Z51: =Z49/Z50 -> 0.87789834 | AA51: =AA49/AA50 -> 0.9626753 | AB51: =AB49/AB50 -> 0.98364844 | AC51: =AC49/AC50 -> 1.1396117 | AD51: =AD49/AD50 -> 1.1337032
A55: CARROSSERIE ST JEAN DE VEDAS | B55: 1 | C55: 2 | D55: 3 | E55: 4 | F55: 5 | G55: 6 | H55: 7 | I55: 8 | J55: 9 | K55: 10 | L55: 11 | M55: 12 | N55: 13 | O55: 14 | P55: 15 | Q55: 16 | R55: 17 | S55: 18 | T55: 19 | U55: 20 | V55: 21 | W55: 22 | X55: 23 | Y55: 24 | Z55: 25 | AA55: 26 | AB55: 27 | AC55: 28 | AD55: 29 | AE55: 30
A56: CA REALISE (CLIENT CESSION GARANTIE) | B56: 3166 | E56: 5322 | F56: 8495 | G56: 10409 | H56: 11626 | I56: 13551 | L56: 14424 | M56: 17656 | N56: 17768 | O56: 25216 | P56: 26252 | S56: 26511 | T56: 29326 | U56: 32394 | V56: 36135 | W56: 38712 | Z56: 42890 | AA56: 44788 | AB56: 46115 | AC56: 47100 | AD56: 49322
A57: OBJECTIF | B57: 2004 | E57: =B57+2004 -> 4008 | F57: =E57+2004 -> 6012 | G57: =F57+2004 -> 8016 | H57: =G57+2004 -> 10020 | I57: =H57+2004 -> 12024 | L57: =I57+2004 -> 14028 | M57: =L57+2004 -> 16032 | N57: =M57+2004 -> 18036 | O57: =N57+2004 -> 20040 | P57: =O57+2004 -> 22044 | S57: =P57+2004 -> 24048 | T57: =S57+2004 -> 26052 | U57: =T57+2004 -> 28056 | V57: =U57+2004 -> 30060 | W57: =V57+2004 -> 32064 | Z57: =W57+2004 -> 34068 | AA57: =Z57+2004 -> 36072 | AB57: =AA57+2004 -> 38076 | AC57: =AB57+2004 -> 40080 | AD57: =AC57+2004 -> 42084
A58: % DE REALISATION | B58: =B56/B57 -> 1.5798403 | E58: =E56/E57 -> 1.3278443 | F58: =F56/F57 -> 1.4130073 | G58: =G56/G57 -> 1.2985279 | H58: =H56/H57 -> 1.1602794 | I58: =I56/I57 -> 1.126996 | L58: =L56/L57 -> 1.0282293 | M58: =M56/M57 -> 1.1012974 | N58: =N56/N57 -> 0.98514083 | O58: =O56/O57 -> 1.2582834 | P58: =P56/P57 -> 1.1908909 | S58: =S56/S57 -> 1.1024202 | T58: =T56/T57 -> 1.1256717 | U58: =U56/U57 -> 1.1546193 | V58: =V56/V57 -> 1.2020958 | W58: =W56/W57 -> 1.2073353 | Z58: =Z56/Z57 -> 1.2589527 | AA58: =AA56/AA57 -> 1.2416279 | AB58: =AB56/AB57 -> 1.2111304 | AC58: =AC56/AC57 -> 1.1751497 | AD58: =AD56/AD57 -> 1.1719894
A62: FORD RODEZ | B62: 1 | C62: 2 | D62: 3 | E62: 4 | F62: 5 | G62: 6 | H62: 7 | I62: 8 | J62: 9 | K62: 10 | L62: 11 | M62: 12 | N62: 13 | O62: 14 | P62: 15 | Q62: 16 | R62: 17 | S62: 18 | T62: 19 | U62: 20 | V62: 21 | W62: 22 | X62: 23 | Y62: 24 | Z62: 25 | AA62: 26 | AB62: 27 | AC62: 28 | AD62: 29 | AE62: 30
A63: CA REALISE (CLIENT CESSION GARANTIE) | B63: 1077 | E63: 2364 | F63: 3101 | G63: 3958 | H63: 5062 | I63: 6278 | L63: 6901 | M63: 7248 | N63: 8367 | O63: 9591 | P63: 10585 | S63: 11624 | T63: 12000 | U63: 13261 | V63: 15365 | W63: 18171 | Z63: 18619 | AA63: 19024 | AB63: 19803 | AC63: 20899 | AD63: 21898
A64: OBJECTIF | B64: 913 | E64: =B64+913 -> 1826 | F64: =E64+913 -> 2739 | G64: =F64+913 -> 3652 | H64: =G64+913 -> 4565 | I64: =H64+913 -> 5478 | L64: =I64+913 -> 6391 | M64: =L64+913 -> 7304 | N64: =M64+913 -> 8217 | O64: =N64+913 -> 9130 | P64: =O64+913 -> 10043 | S64: =P64+913 -> 10956 | T64: =S64+913 -> 11869 | U64: =T64+913 -> 12782 | V64: =U64+913 -> 13695 | W64: =V64+913 -> 14608 | Z64: =W64+913 -> 15521 | AA64: =Z64+913 -> 16434 | AB64: =AA64+913 -> 17347 | AC64: =AB64+913 -> 18260 | AD64: =AC64+913 -> 19173
A65: % DE REALISATION | B65: =B63/B64 -> 1.1796276 | E65: =E63/E64 -> 1.2946331 | F65: =F63/F64 -> 1.132165 | G65: =G63/G64 -> 1.0837897 | H65: =H63/H64 -> 1.1088719 | I65: =I63/I64 -> 1.1460387 | L65: =L63/L64 -> 1.0797997 | M65: =M63/M64 -> 0.99233297 | N65: =N63/N64 -> 1.0182548 | O65: =O63/O64 -> 1.0504929 | P65: =P63/P64 -> 1.0539679 | S65: =S63/S64 -> 1.0609712 | T65: =T63/T64 -> 1.0110372 | U65: =U63/U64 -> 1.0374746 | V65: =V63/V64 -> 1.1219423 | W65: =W63/W64 -> 1.2439074 | Z65: =Z63/Z64 -> 1.1996005 | AA65: =AA63/AA64 -> 1.1576001 | AB65: =AB63/AB64 -> 1.1415807 | AC65: =AC63/AC64 -> 1.1445235 | AD65: =AD63/AD64 -> 1.1421269
A69: LAND ROVER RODEZ | B69: 1 | C69: 2 | D69: 3 | E69: 4 | F69: 5 | G69: 6 | H69: 7 | I69: 8 | J69: 9 | K69: 10 | L69: 11 | M69: 12 | N69: 13 | O69: 14 | P69: 15 | Q69: 16 | R69: 17 | S69: 18 | T69: 19 | U69: 20 | V69: 21 | W69: 22 | X69: 23 | Y69: 24 | Z69: 25 | AA69: 26 | AB69: 27 | AC69: 28 | AD69: 29 | AE69: 30
A70: CA REALISE (CLIENT CESSION GARANTIE) | B70: 1914 | E70: 2724 | F70: 3450 | G70: 4009 | H70: 4681 | I70: 5419 | L70: 5674 | M70: 6186 | N70: 6186 | O70: 6572 | P70: 6571 | S70: 7242 | T70: 8650 | U70: 9005 | V70: 9624 | W70: 10871 | Z70: 11522 | AA70: 11664 | AB70: 12548 | AC70: 14076 | AD70: 18229
A71: OBJECTIF | B71: 861 | E71: =B71+861 -> 1722 | F71: =E71+861 -> 2583 | G71: =F71+861 -> 3444 | H71: =G71+861 -> 4305 | I71: =H71+861 -> 5166 | L71: =I71+861 -> 6027 | M71: =L71+861 -> 6888 | N71: =M71+861 -> 7749 | O71: =N71+861 -> 8610 | P71: =O71+861 -> 9471 | S71: =P71+861 -> 10332 | T71: =S71+861 -> 11193 | U71: =T71+861 -> 12054 | V71: =U71+861 -> 12915 | W71: =V71+861 -> 13776 | Z71: =W71+861 -> 14637 | AA71: =Z71+861 -> 15498 | AB71: =AA71+861 -> 16359 | AC71: =AB71+861 -> 17220 | AD71: =AC71+861 -> 18081
A72: % DE REALISATION | B72: =B70/B71 -> 2.2229965 | E72: =E70/E71 -> 1.5818815 | F72: =F70/F71 -> 1.3356562 | G72: =G70/G71 -> 1.1640534 | H72: =H70/H71 -> 1.0873403 | I72: =I70/I71 -> 1.0489741 | L72: =L70/L71 -> 0.94143023 | M72: =M70/M71 -> 0.89808362 | N72: =N70/N71 -> 0.79829655 | O72: =O70/O71 -> 0.76329849 | P72: =P70/P71 -> 0.69380213 | S72: =S70/S71 -> 0.70092915 | T72: =T70/T71 -> 0.77280443 | U72: =U70/U71 -> 0.74705492 | V72: =V70/V71 -> 0.74518002 | W72: =W70/W71 -> 0.78912602 | Z72: =Z70/Z71 -> 0.78718317 | AA72: =AA70/AA71 -> 0.75261324 | AB72: =AB70/AB71 -> 0.76703955 | AC72: =AC70/AC71 -> 0.8174216 | AD72: =AD70/AD71 -> 1.0081854

Sheet Juillet 2018
C1: Suivi objectif réalisation CA par atelier
AH4: =22 -> 22
S5: 5188
A7: GRIM PASSION LATTES | B7: 1 | C7: 2 | D7: 3 | E7: 4 | F7: 5 | G7: 6 | H7: 7 | I7: 8 | J7: 9 | K7: 10 | L7: 11 | M7: 12 | N7: 13 | O7: 14 | P7: 15 | Q7: 16 | R7: 17 | S7: 18 | T7: 19 | U7: 20 | V7: 21 | W7: 22 | X7: 23 | Y7: 24 | Z7: 25 | AA7: 26 | AB7: 27 | AC7: 28 | AD7: 29 | AE7: 30 | AF7: 31
A8: CA REALISE (CLIENT CESSION GARANTIE) | C8: 3291 | D8: 6483 | E8: 11759 | F8: 20737 | G8: 26317 | J8: 33783 | K8: 38737 | L8: 44207 | M8: 48345 | N8: 54033 | Q8: 56960 | R8: 64080 | S8: 68379 | T8: 74928 | U8: 81933 | X8: 87461 | Y8: 93439 | Z8: 100262 | AA8: 106786 | AB8: 112619 | AE8: 117198 | AF8: 128916
A9: OBJECTIF | C9: 5856 | D9: =C9+5856 -> 11712 | E9: =D9+5856 -> 17568 | F9: =E9+5856 -> 23424 | G9: =F9+5856 -> 29280 | J9: =G9+5856 -> 35136 | K9: =J9+5856 -> 40992 | L9: =K9+5856 -> 46848 | M9: =L9+5856 -> 52704 | N9: =M9+5856 -> 58560 | Q9: =N9+5856 -> 64416 | R9: =Q9+5856 -> 70272 | S9: =R9+5856 -> 76128 | T9: =S9+5856 -> 81984 | U9: =T9+5856 -> 87840 | X9: =U9+5856 -> 93696 | Y9: =X9+5856 -> 99552 | Z9: =Y9+5856 -> 105408 | AA9: =Z9+5856 -> 111264 | AB9: =AA9+5856 -> 117120 | AE9: =AB9+5856 -> 122976 | AF9: =AE9+5856 -> 128832
A10: % DE REALISATION | C10: =C8/C9 -> 0.5619877 | D10: =D8/D9 -> 0.55353484 | E10: =E8/E9 -> 0.66934199 | F10: =F8/F9 -> 0.88528859 | G10: =G8/G9 -> 0.89880464 | J10: =J8/J9 -> 0.96149249 | K10: =K8/K9 -> 0.94498927 | L10: =L8/L9 -> 0.9436262 | M10: =M8/M9 -> 0.91729281 | N10: =N8/N9 -> 0.92269467 | Q10: =Q8/Q9 -> 0.88425236 | R10: =R8/R9 -> 0.91188525 | S10: =S8/S9 -> 0.89821091 | T10: =T8/T9 -> 0.91393443 | U10: =U8/U9 -> 0.93275273 | X10: =X8/X9 -> 0.933455 | Y10: =Y8/Y9 -> 0.93859491 | Z10: =Z8/Z9 -> 0.95118018 | AA10: =AA8/AA9 -> 0.95975338 | AB10: =AB8/AB9 -> 0.96156933 | AE10: =AE8/AE9 -> 0.95301522 | AF10: =AF8/AF9 -> 1.000652
A14: GRIM PASSION PEROLS | B14: 1 | C14: 2 | D14: 3 | E14: 4 | F14: 5 | G14: 6 | H14: 7 | I14: 8 | J14: 9 | K14: 10 | L14: 11 | M14: 12 | N14: 13 | O14: 14 | P14: 15 | Q14: 16 | R14: 17 | S14: 18 | T14: 19 | U14: 20 | V14: 21 | W14: 22 | X14: 23 | Y14: 24 | Z14: 25 | AA14: 26 | AB14: 27 | AC14: 28 | AD14: 29 | AE14: 30 | AF14: 31
A15: CA REALISE (CLIENT CESSION GARANTIE) | C15: 506 | D15: 1654 | E15: 1904 | F15: 2122 | G15: 3122 | J15: 3122 | K15: 3714 | L15: 4298 | M15: 4477 | N15: 4976 | Q15: 5152 | R15: 6999 | S15: 7184 | T15: 7272 | U15: 8015 | X15: 8331 | Y15: 8918 | Z15: 8918 | AA15: 9391 | AB15: 10149 | AE15: 10696 | AF15: 11145
A16: OBJECTIF | C16: 792 | D16: =C16+792 -> 1584 | E16: =D16+792 -> 2376 | F16: =E16+792 -> 3168 | G16: =F16+792 -> 3960 | J16: =G16+792 -> 4752 | K16: =J16+792 -> 5544 | L16: =K16+792 -> 6336 | M16: =L16+792 -> 7128 | N16: =M16+792 -> 7920 | Q16: =N16+792 -> 8712 | R16: =Q16+792 -> 9504 | S16: =R16+792 -> 10296 | T16: =S16+792 -> 11088 | U16: =T16+792 -> 11880 | X16: =U16+792 -> 12672 | Y16: =X16+792 -> 13464 | Z16: =Y16+792 -> 14256 | AA16: =Z16+792 -> 15048 | AB16: =AA16+792 -> 15840 | AE16: =AB16+792 -> 16632 | AF16: =AE16+792 -> 17424
A17: % DE REALISATION | C17: =C15/C16 -> 0.63888889 | D17: =D15/D16 -> 1.0441919 | E17: =E15/E16 -> 0.8013468 | F17: =F15/F16 -> 0.66982323 | G17: =G15/G16 -> 0.78838384 | J17: =J15/J16 -> 0.65698653 | K17: =K15/K16 -> 0.66991342 | L17: =L15/L16 -> 0.67834596 | M17: =M15/M16 -> 0.62808642 | N17: =N15/N16 -> 0.62828283 | Q17: =Q15/Q16 -> 0.59136823 | R17: =R15/R16 -> 0.73642677 | S17: =S15/S16 -> 0.6977467 | T17: =T15/T16 -> 0.65584416 | U17: =U15/U16 -> 0.6746633 | X17: =X15/X16 -> 0.65743371 | Y17: =Y15/Y16 -> 0.66235888 | Z17: =Z15/Z16 -> 0.62556117 | AA17: =AA15/AA16 -> 0.62406964 | AB17: =AB15/AB16 -> 0.6407197 | AE17: =AE15/AE16 -> 0.64309764 | AF17: =AF15/AF16 -> 0.63963499
A21: PRESTIGE AUTO MONTPELLIER | B21: 1 | C21: 2 | D21: 3 | E21: 4 | F21: 5 | G21: 6 | H21: 7 | I21: 8 | J21: 9 | K21: 10 | L21: 11 | M21: 12 | N21: 13 | O21: 14 | P21: 15 | Q21: 16 | R21: 17 | S21: 18 | T21: 19 | U21: 20 | V21: 21 | W21: 22 | X21: 23 | Y21: 24 | Z21: 25 | AA21: 26 | AB21: 27 | AC21: 28 | AD21: 29 | AE21: 30 | AF21: 31
A22: CA REALISE (CLIENT CESSION GARANTIE) | C22: 388 | D22: 2083 | E22: 2851 | F22: 3674 | G22: 6293 | J22: 12307 | K22: 14437 | L22: 16383 | M22: 20077 | N22: 20077 | Q22: 22289 | R22: 25449 | S22: 27124 | T22: 31135 | U22: 32787 | X22: 35506 | Y22: 37236 | Z22: 39307 | AA22: 43234 | AB22: 46851 | AE22: 47920 | AF22: 50840
A23: OBJECTIF | C23: 2877 | D23: =C23+2877 -> 5754 | E23: =D23+2877 -> 8631 | F23: =E23+2877 -> 11508 | G23: =F23+2877 -> 14385 | J23: =G23+2877 -> 17262 | K23: =J23+2877 -> 20139 | L23: =K23+2877 -> 23016 | M23: =L23+2877 -> 25893 | N23: =M23+2877 -> 28770 | Q23: =N23+2877 -> 31647 | R23: =Q23+2877 -> 34524 | S23: =R23+2877 -> 37401 | T23: =S23+2877 -> 40278 | U23: =T23+2877 -> 43155 | X23: =U23+2877 -> 46032 | Y23: =X23+2877 -> 48909 | Z23: =Y23+2877 -> 51786 | AA23: =Z23+2877 -> 54663 | AB23: =AA23+2877 -> 57540 | AE23: =AB23+2877 -> 60417 | AF23: =AE23+2877 -> 63294
A24: % DE REALISATION | C24: =C22/C23 -> 0.1348627 | D24: =D22/D23 -> 0.36200904 | E24: =E22/E23 -> 0.33032094 | F24: =F22/F23 -> 0.31925617 | G24: =G22/G23 -> 0.43746959 | J24: =J22/J23 -> 0.71295331 | K24: =K22/K23 -> 0.71686777 | L24: =L22/L23 -> 0.71180918 | M24: =M22/M23 -> 0.77538331 | N24: =N22/N23 -> 0.69784498 | Q24: =Q22/Q23 -> 0.70430057 | R24: =R22/R23 -> 0.73713938 | S24: =S22/S23 -> 0.72522125 | T24: =T22/T23 -> 0.77300263 | U24: =U22/U23 -> 0.75974974 | X24: =X22/X23 -> 0.77133299 | Y24: =Y22/Y23 -> 0.76133227 | Z24: =Z22/Z23 -> 0.75902754 | AA24: =AA22/AA23 -> 0.7909189 | AB24: =AB22/AB23 -> 0.81423358 | AE24: =AE22/AE23 -> 0.79315424 | AF24: =AF22/AF23 -> 0.80323569
A28: PRESTIGE AUTO NIMES | B28: 1 | C28: 2 | D28: 3 | E28: 4 | F28: 5 | G28: 6 | H28: 7 | I28: 8 | J28: 9 | K28: 10 | L28: 11 | M28: 12 | N28: 13 | O28: 14 | P28: 15 | Q28: 16 | R28: 17 | S28: 18 | T28: 19 | U28: 20 | V28: 21 | W28: 22 | X28: 23 | Y28: 24 | Z28: 25 | AA28: 26 | AB28: 27 | AC28: 28 | AD28: 29 | AE28: 30 | AF28: 31
A29: CA REALISE (CLIENT CESSION GARANTIE) | C29: 757 | D29: 1515 | E29: 3515 | F29: 3939 | G29: 5741 | J29: 6215 | K29: 6669 | L29: 8418 | M29: 10155 | N29: 11631 | Q29: 12914 | R29: 14137 | S29: 14748 | T29: 17581 | U29: 19407 | X29: 20417 | Y29: 22553 | Z29: 22890 | AA29: 24264 | AB29: 25043 | AE29: 25450 | AF29: 26049
A30: OBJECTIF | C30: 1770 | D30: =C30+1770 -> 3540 | E30: =D30+1770 -> 5310 | F30: =E30+1770 -> 7080 | G30: =F30+1770 -> 8850 | J30: =G30+1770 -> 10620 | K30: =J30+1770 -> 12390 | L30: =K30+1770 -> 14160 | M30: =L30+1770 -> 15930 | N30: =M30+1770 -> 17700 | Q30: =N30+1770 -> 19470 | R30: =Q30+1770 -> 21240 | S30: =R30+1770 -> 23010 | T30: =S30+1770 -> 24780 | U30: =T30+1770 -> 26550 | X30: =U30+1770 -> 28320 | Y30: =X30+1770 -> 30090 | Z30: =Y30+1770 -> 31860 | AA30: =Z30+1770 -> 33630 | AB30: =AA30+1770 -> 35400 | AE30: =AB30+1770 -> 37170 | AF30: =AE30+1770 -> 38940
A31: % DE REALISATION | C31: =C29/C30 -> 0.42768362 | D31: =D29/D30 -> 0.4279661 | E31: =E29/E30 -> 0.66195857 | F31: =F29/F30 -> 0.55635593 | G31: =G29/G30 -> 0.64870056 | J31: =J29/J30 -> 0.58521657 | K31: =K29/K30 -> 0.53825666 | L31: =L29/L30 -> 0.59449153 | M31: =M29/M30 -> 0.63747646 | N31: =N29/N30 -> 0.65711864 | Q31: =Q29/Q30 -> 0.66327684 | R31: =R29/R30 -> 0.6655838 | S31: =S29/S30 -> 0.64093872 | T31: =T29/T30 -> 0.70948345 | U31: =U29/U30 -> 0.73096045 | X31: =X29/X30 -> 0.72093927 | Y31: =Y29/Y30 -> 0.74951811 | Z31: =Z29/Z30 -> 0.71845574 | AA31: =AA29/AA30 -> 0.72149866 | AB31: =AB29/AB30 -> 0.70742938 | AE31: =AE29/AE30 -> 0.68469196 | AF31: =AF29/AF30 -> 0.66895223
A35: FORD LATTES | B35: 1 | C35: 2 | D35: 3 | E35: 4 | F35: 5 | G35: 6 | H35: 7 | I35: 8 | J35: 9 | K35: 10 | L35: 11 | M35: 12 | N35: 13 | O35: 14 | P35: 15 | Q35: 16 | R35: 17 | S35: 18 | T35: 19 | U35: 20 | V35: 21 | W35: 22 | X35: 23 | Y35: 24 | Z35: 25 | AA35: 26 | AB35: 27 | AC35: 28 | AD35: 29 | AE35: 30 | AF35: 31
A36: CA REALISE (CLIENT CESSION GARANTIE) | C36: 1991 | D36: 5251 | E36: 6769 | F36: 10733 | G36: 13078 | J36: 15402 | K36: 16940 | L36: 19384 | M36: 21482 | N36: 24325 | Q36: 27475 | R36: 30121 | S36: 33928 | T36: 36668 | U36: 43390 | X36: 46871 | Y36: 48448 | Z36: 53354 | AA36: 58811 | AB36: 63983 | AE36: 67343 | AF36: 72177
A37: OBJECTIF | C37: 3262 | D37: =C37+3262 -> 6524 | E37: =D37+3262 -> 9786 | F37: =E37+3262 -> 13048 | G37: =F37+3262 -> 16310 | J37: =G37+3262 -> 19572 | K37: =J37+3262 -> 22834 | L37: =K37+3262 -> 26096 | M37: =L37+3262 -> 29358 | N37: =M37+3262 -> 32620 | Q37: =N37+3262 -> 35882 | R37: =Q37+3262 -> 39144 | S37: =R37+3262 -> 42406 | T37: =S37+3262 -> 45668 | U37: =T37+3262 -> 48930 | X37: =U37+3262 -> 52192 | Y37: =X37+3262 -> 55454 | Z37: =Y37+3262 -> 58716 | AA37: =Z37+3262 -> 61978 | AB37: =AA37+3262 -> 65240 | AE37: =AB37+3262 -> 68502 | AF37: =AE37+3262 -> 71764
A38: % DE REALISATION | C38: =C36/C37 -> 0.61036174 | D38: =D36/D37 -> 0.80487431 | E38: =E36/E37 -> 0.69170243 | F38: =F36/F37 -> 0.82257817 | G38: =G36/G37 -> 0.80183936 | J38: =J36/J37 -> 0.78694053 | K38: =K36/K37 -> 0.74187615 | L38: =L36/L37 -> 0.74279583 | M38: =M36/M37 -> 0.73172559 | N38: =N36/N37 -> 0.74570815 | Q38: =Q36/Q37 -> 0.76570425 | R38: =R36/R37 -> 0.76949213 | S38: =S36/S37 -> 0.80007546 | T38: =T36/T37 -> 0.80292546 | U38: =U36/U37 -> 0.88677703 | X38: =X36/X37 -> 0.89804951 | Y38: =Y36/Y37 -> 0.87366105 | Z38: =Z36/Z37 -> 0.90867907 | AA38: =AA36/AA37 -> 0.94890122 | AB38: =AB36/AB37 -> 0.98073268 | AE38: =AE36/AE37 -> 0.98308079 | AF38: =AF36/AF37 -> 1.005755
A42: FORD PEROLS | B42: 1 | C42: 2 | D42: 3 | E42: 4 | F42: 5 | G42: 6 | H42: 7 | I42: 8 | J42: 9 | K42: 10 | L42: 11 | M42: 12 | N42: 13 | O42: 14 | P42: 15 | Q42: 16 | R42: 17 | S42: 18 | T42: 19 | U42: 20 | V42: 21 | W42: 22 | X42: 23 | Y42: 24 | Z42: 25 | AA42: 26 | AB42: 27 | AC42: 28 | AD42: 29 | AE42: 30 | AF42: 31
A43: CA REALISE (CLIENT CESSION GARANTIE) | C43: 0 | D43: 634 | E43: 1154 | F43: 1404 | G43: 1404 | J43: 2018 | K43: 3646 | L43: 4015 | M43: 4747 | N43: 5088 | Q43: 6082 | R43: 6626 | S43: 6797 | T43: 7104 | U43: 7334 | X43: 9029 | Y43: 9197 | Z43: 9917 | AA43: 10445 | AB43: 12144 | AE43: 12144 | AF43: 12240
A44: OBJECTIF | C44: =731 -> 731 | D44: =C44+731 -> 1462 | E44: =D44+731 -> 2193 | F44: =E44+731 -> 2924 | G44: =F44+731 -> 3655 | J44: =G44+731 -> 4386 | K44: =J44+731 -> 5117 | L44: =K44+731 -> 5848 | M44: =L44+731 -> 6579 | N44: =M44+731 -> 7310 | Q44: =N44+731 -> 8041 | R44: =Q44+731 -> 8772 | S44: =R44+731 -> 9503 | T44: =S44+731 -> 10234 | U44: =T44+731 -> 10965 | X44: =U44+731 -> 11696 | Y44: =X44+731 -> 12427 | Z44: =Y44+731 -> 13158 | AA44: =Z44+731 -> 13889 | AB44: =AA44+731 -> 14620 | AE44: =AB44+731 -> 15351 | AF44: =AE44+731 -> 16082
A45: % DE REALISATION | C45: =C43/C44 -> 0 | D45: =D43/D44 -> 0.43365253 | E45: =E43/E44 -> 0.52621979 | F45: =F43/F44 -> 0.48016416 | G45: =G43/G44 -> 0.38413133 | J45: =J43/J44 -> 0.46010032 | K45: =K43/K44 -> 0.71252687 | L45: =L43/L44 -> 0.68655951 | M45: =M43/M44 -> 0.72153823 | N45: =N43/N44 -> 0.69603283 | Q45: =Q43/Q44 -> 0.75637359 | R45: =R43/R44 -> 0.75535796 | S45: =S43/S44 -> 0.71524782 | T45: =T43/T44 -> 0.69415673 | U45: =U43/U44 -> 0.66885545 | X45: =X43/X44 -> 0.77197332 | Y45: =Y43/Y44 -> 0.74008208 | Z45: =Z43/Z44 -> 0.75368597 | AA45: =AA43/AA44 -> 0.75203398 | AB45: =AB43/AB44 -> 0.83064295 | AE45: =AE43/AE44 -> 0.79108853 | AF45: =AF43/AF44 -> 0.76109937
A48: SETE | B48: 1 | C48: 2 | D48: 3 | E48: 4 | F48: 5 | G48: 6 | H48: 7 | I48: 8 | J48: 9 | K48: 10 | L48: 11 | M48: 12 | N48: 13 | O48: 14 | P48: 15 | Q48: 16 | R48: 17 | S48: 18 | T48: 19 | U48: 20 | V48: 21 | W48: 22 | X48: 23 | Y48: 24 | Z48: 25 | AA48: 26 | AB48: 27 | AC48: 28 | AD48: 29 | AE48: 30 | AF48: 31
A49: CA REALISE (CLIENT CESSION GARANTIE) | C49: 539 | D49: 1019 | E49: 1304 | F49: 1907 | G49: 2345 | J49: 3169 | K49: 4133 | L49: 5051 | M49: 5597 | N49: 6099 | Q49: 6710 | R49: 7040 | S49: 7837 | T49: 8319 | U49: 8439 | X49: 9277 | Y49: 9499 | Z49: 9836 | AA49: 10407 | AB49: 11057 | AE49: 11228 | AF49: 12690
A50: OBJECTIF | C50: 515 | D50: =C50+515 -> 1030 | E50: =D50+515 -> 1545 | F50: =E50+515 -> 2060 | G50: =F50+515 -> 2575 | J50: =G50+515 -> 3090 | K50: =J50+515 -> 3605 | L50: =K50+515 -> 4120 | M50: =L50+515 -> 4635 | N50: =M50+515 -> 5150 | Q50: =N50+515 -> 5665 | R50: =Q50+515 -> 6180 | S50: =R50+515 -> 6695 | T50: =S50+515 -> 7210 | U50: =T50+515 -> 7725 | X50: =U50+515 -> 8240 | Y50: =X50+515 -> 8755 | Z50: =Y50+515 -> 9270 | AA50: =Z50+515 -> 9785 | AB50: =AA50+515 -> 10300 | AE50: =AB50+515 -> 10815 | AF50: =AE50+515 -> 11330
A51: % DE REALISATION | C51: =C49/C50 -> 1.0466019 | D51: =D49/D50 -> 0.98932039 | E51: =E49/E50 -> 0.84401294 | F51: =F49/F50 -> 0.92572816 | G51: =G49/G50 -> 0.91067961 | J51: =J49/J50 -> 1.0255663 | K51: =K49/K50 -> 1.1464632 | L51: =L49/L50 -> 1.2259709 | M51: =M49/M50 -> 1.2075512 | N51: =N49/N50 -> 1.1842718 | Q51: =Q49/Q50 -> 1.184466 | R51: =R49/R50 -> 1.1391586 | S51: =S49/S50 -> 1.1705751 | T51: =T49/T50 -> 1.1538141 | U51: =U49/U50 -> 1.0924272 | X51: =X49/X50 -> 1.1258495 | Y51: =Y49/Y50 -> 1.08498 | Z51: =Z49/Z50 -> 1.0610572 | AA51: =AA49/AA50 -> 1.0635667 | AB51: =AB49/AB50 -> 1.0734951 | AE51: =AE49/AE50 -> 1.0381877 | AF51: =AF49/AF50 -> 1.1200353
A55: CARROSSERIE ST JEAN DE VEDAS | B55: 1 | C55: 2 | D55: 3 | E55: 4 | F55: 5 | G55: 6 | H55: 7 | I55: 8 | J55: 9 | K55: 10 | L55: 11 | M55: 12 | N55: 13 | O55: 14 | P55: 15 | Q55: 16 | R55: 17 | S55: 18 | T55: 19 | U55: 20 | V55: 21 | W55: 22 | X55: 23 | Y55: 24 | Z55: 25 | AA55: 26 | AB55: 27 | AC55: 28 | AD55: 29 | AE55: 30 | AF55: 31
A56: CA REALISE (CLIENT CESSION GARANTIE) | C56: 3694 | D56: 7357 | E56: 8680 | F56: 10756 | G56: 15750 | J56: 16640 | K56: 17825 | L56: 18356 | M56: 19775 | N56: 20563 | Q56: 22244 | R56: 22935 | S56: 25947 | T56: 29767 | U56: 35606 | X56: 35606 | Y56: 36399 | Z56: 38143 | AA56: 41277 | AB56: 42751 | AE56: 43976 | AF56: 44651
A57: OBJECTIF | C57: 2004 | D57: =C57+2004 -> 4008 | E57: =D57+2004 -> 6012 | F57: =E57+2004 -> 8016 | G57: =F57+2004 -> 10020 | J57: =G57+2004 -> 12024 | K57: =J57+2004 -> 14028 | L57: =K57+2004 -> 16032 | M57: =L57+2004 -> 18036 | N57: =M57+2004 -> 20040 | Q57: =N57+2004 -> 22044 | R57: =Q57+2004 -> 24048 | S57: =R57+2004 -> 26052 | T57: =S57+2004 -> 28056 | U57: =T57+2004 -> 30060 | X57: =U57+2004 -> 32064 | Y57: =X57+2004 -> 34068 | Z57: =Y57+2004 -> 36072 | AA57: =Z57+2004 -> 38076 | AB57: =AA57+2004 -> 40080 | AE57: =AB57+2004 -> 42084 | AF57: =AE57+2004 -> 44088
A58: % DE REALISATION | C58: =C56/C57 -> 1.8433134 | D58: =D56/D57 -> 1.8355788 | E58: =E56/E57 -> 1.4437791 | F58: =F56/F57 -> 1.3418164 | G58: =G56/G57 -> 1.5718563 | J58: =J56/J57 -> 1.3838989 | K58: =K56/K57 -> 1.2706729 | L58: =L56/L57 -> 1.1449601 | M58: =M56/M57 -> 1.0964183 | N58: =N56/N57 -> 1.0260978 | Q58: =Q56/Q57 -> 1.0090728 | R58: =R56/R57 -> 0.95371756 | S58: =S56/S57 -> 0.9959696 | T58: =T56/T57 -> 1.0609852 | U58: =U56/U57 -> 1.1844977 | X58: =X56/X57 -> 1.1104666 | Y58: =Y56/Y57 -> 1.068422 | Z58: =Z56/Z57 -> 1.057413 | AA58: =AA56/AA57 -> 1.0840687 | AB58: =AB56/AB57 -> 1.0666417 | AE58: =AE56/AE57 -> 1.0449577 | AF58: =AF56/AF57 -> 1.0127699
A62: FORD RODEZ | B62: 1 | C62: 2 | D62: 3 | E62: 4 | F62: 5 | G62: 6 | H62: 7 | I62: 8 | J62: 9 | K62: 10 | L62: 11 | M62: 12 | N62: 13 | O62: 14 | P62: 15 | Q62: 16 | R62: 17 | S62: 18 | T62: 19 | U62: 20 | V62: 21 | W62: 22 | X62: 23 | Y62: 24 | Z62: 25 | AA62: 26 | AB62: 27 | AC62: 28 | AD62: 29 | AE62: 30 | AF62: 31
A63: CA REALISE (CLIENT CESSION GARANTIE) | C63: 337 | D63: 1600 | E63: 2407 | F63: 2853 | G63: 3754 | J63: 4706 | K63: 5735 | L63: 6402 | M63: 7860 | N63: 8448 | Q63: 9707 | R63: 10591 | S63: 11154 | T63: 13349 | U63: 14148 | X63: 15034 | Y63: 16723 | Z63: 17401 | AA63: 18640 | AB63: 19435 | AE63: 19870 | AF63: 22140
A64: OBJECTIF | C64: 913 | D64: =C64+913 -> 1826 | E64: =D64+913 -> 2739 | F64: =E64+913 -> 3652 | G64: =F64+913 -> 4565 | J64: =G64+913 -> 5478 | K64: =J64+913 -> 6391 | L64: =K64+913 -> 7304 | M64: =L64+913 -> 8217 | N64: =M64+913 -> 9130 | Q64: =N64+913 -> 10043 | R64: =Q64+913 -> 10956 | S64: =R64+913 -> 11869 | T64: =S64+913 -> 12782 | U64: =T64+913 -> 13695 | X64: =U64+913 -> 14608 | Y64: =X64+913 -> 15521 | Z64: =Y64+913 -> 16434 | AA64: =Z64+913 -> 17347 | AB64: =AA64+913 -> 18260 | AE64: =AB64+913 -> 19173 | AF64: =AE64+913 -> 20086
A65: % DE REALISATION | C65: =C63/C64 -> 0.36911281 | D65: =D63/D64 -> 0.8762322 | E65: =E63/E64 -> 0.87878788 | F65: =F63/F64 -> 0.78121577 | G65: =G63/G64 -> 0.82234392 | J65: =J63/J64 -> 0.85907265 | K65: =K63/K64 -> 0.89735566 | L65: =L63/L64 -> 0.87650602 | M65: =M63/M64 -> 0.95655349 | N65: =N63/N64 -> 0.9253012 | Q65: =Q63/Q64 -> 0.96654386 | R65: =R63/R64 -> 0.96668492 | S65: =S63/S64 -> 0.93975904 | T65: =T63/T64 -> 1.0443593 | U65: =U63/U64 -> 1.0330778 | X65: =X63/X64 -> 1.0291621 | Y65: =Y63/Y64 -> 1.0774435 | Z65: =Z63/Z64 -> 1.0588414 | AA65: =AA63/AA64 -> 1.0745374 | AB65: =AB63/AB64 -> 1.0643483 | AE65: =AE63/AE64 -> 1.0363532 | AF65: =AF63/AF64 -> 1.1022603
A69: LAND ROVER RODEZ | B69: 1 | C69: 2 | D69: 3 | E69: 4 | F69: 5 | G69: 6 | H69: 7 | I69: 8 | J69: 9 | K69: 10 | L69: 11 | M69: 12 | N69: 13 | O69: 14 | P69: 15 | Q69: 16 | R69: 17 | S69: 18 | T69: 19 | U69: 20 | V69: 21 | W69: 22 | X69: 23 | Y69: 24 | Z69: 25 | AA69: 26 | AB69: 27 | AC69: 28 | AD69: 29 | AE69: 30 | AF69: 31
A70: CA REALISE (CLIENT CESSION GARANTIE) | C70: 61 | D70: 61 | E70: 61 | F70: 672 | G70: 1615 | J70: 2788 | K70: 3972 | L70: 5208 | M70: 5459 | N70: 7742 | Q70: 9430 | R70: 9757 | S70: 10005 | T70: 11747 | U70: 12504 | X70: 14459 | Y70: 14929 | Z70: 17246 | AA70: 17271 | AB70: 18958 | AE70: 19150 | AF70: 19941
A71: OBJECTIF | C71: 861 | D71: =C71+861 -> 1722 | E71: =D71+861 -> 2583 | F71: =E71+861 -> 3444 | G71: =F71+861 -> 4305 | J71: =G71+861 -> 5166 | K71: =J71+861 -> 6027 | L71: =K71+861 -> 6888 | M71: =L71+861 -> 7749 | N71: =M71+861 -> 8610 | Q71: =N71+861 -> 9471 | R71: =Q71+861 -> 10332 | S71: =R71+861 -> 11193 | T71: =S71+861 -> 12054 | U71: =T71+861 -> 12915 | X71: =U71+861 -> 13776 | Y71: =X71+861 -> 14637 | Z71: =Y71+861 -> 15498 | AA71: =Z71+861 -> 16359 | AB71: =AA71+861 -> 17220 | AE71: =AB71+861 -> 18081 | AF71: =AE71+861 -> 18942
A72: % DE REALISATION | C72: =C70/C71 -> 0.070847851 | D72: =D70/D71 -> 0.035423926 | E72: =E70/E71 -> 0.02361595 | F72: =F70/F71 -> 0.19512195 | G72: =G70/G71 -> 0.37514518 | J72: =J70/J71 -> 0.53968254 | K72: =K70/K71 -> 0.65903435 | L72: =L70/L71 -> 0.75609756 | M72: =M70/M71 -> 0.704478 | N72: =N70/N71 -> 0.89918699 | Q72: =Q70/Q71 -> 0.995671 | R72: =R70/R71 -> 0.94434766 | S72: =S70/S71 -> 0.89386224 | T72: =T70/T71 -> 0.97453128 | U72: =U70/U71 -> 0.96817654 | X72: =X70/X71 -> 1.049579 | Y72: =Y70/Y71 -> 1.0199494 | Z72: =Z70/Z71 -> 1.1127887 | AA72: =AA70/AA71 -> 1.0557491 | AB72: =AB70/AB71 -> 1.1009292 | AE72: =AE70/AE71 -> 1.0591228 | AF72: =AF70/AF71 -> 1.0527399

Sheet Aout 2018
C1: Suivi objectif réalisation CA par atelier
AG4: =22 -> 22
S5: 5188
A7: GRIM PASSION LATTES | B7: 1 | C7: 2 | D7: 3 | E7: 4 | F7: 5 | G7: 6 | H7: 7 | I7: 8 | J7: 9 | K7: 10 | L7: 11 | M7: 12 | N7: 13 | O7: 14 | P7: 15 | Q7: 16 | R7: 17 | S7: 18 | T7: 19 | U7: 20 | V7: 21 | W7: 22 | X7: 23 | Y7: 24 | Z7: 25 | AA7: 26 | AB7: 27 | AC7: 28 | AD7: 29 | AE7: 30 | AF7: 31
A8: CA REALISE (CLIENT CESSION GARANTIE) | B8: 4224 | C8: 8738 | D8: 12084 | G8: 16018 | J8: 32432 | K8: 36960 | N8: 39628 | O8: 42436 | Q8: 45212 | R8: 51102 | U8: 61316 | V8: 61627 | W8: 64983 | X8: 71759 | Y8: 78358
A9: OBJECTIF | B9: 5856 | C9: =B9+5856 -> 11712 | D9: =C9+5856 -> 17568 | G9: =D9+5856 -> 23424 | H9: =G9+5856 -> 29280 | I9: =H9+5856 -> 35136 | J9: =I9+5856 -> 40992 | K9: =J9+5856 -> 46848 | N9: =K9+5856 -> 52704 | O9: =N9+5856 -> 58560 | Q9: =O9+5856 -> 64416 | R9: =Q9+5856 -> 70272 | U9: =R9+5856 -> 76128 | V9: =U9+5856 -> 81984 | W9: =V9+5856 -> 87840 | X9: =W9+5856 -> 93696 | Y9: =X9+5856 -> 99552 | AB9: =Y9+5856 -> 105408 | AC9: =AB9+5856 -> 111264 | AD9: =AC9+5856 -> 117120 | AE9: =AD9+5856 -> 122976 | AF9: =AE9+5856 -> 128832
A10: % DE REALISATION | B10: =B8/B9 -> 0.72131148 | C10: =C8/C9 -> 0.7460724 | D10: =D8/D9 -> 0.68784153 | G10: =G8/G9 -> 0.68382855 | H10: =H8/H9 -> 0 | I10: =I8/I9 -> 0 | J10: =J8/J9 -> 0.79117877 | K10: =K8/K9 -> 0.78893443 | N10: =N8/N9 -> 0.75189739 | O10: =O8/O9 -> 0.72465847 | Q10: =Q8/Q9 -> 0.70187531 | R10: =R8/R9 -> 0.72720287 | U10: =U8/U9 -> 0.80543296 | V10: =V8/V9 -> 0.75169545 | W10: =W8/W9 -> 0.73978825 | X10: =X8/X9 -> 0.76587047 | Y10: =Y8/Y9 -> 0.78710624 | AB10: =AB8/AB9 -> 0 | AC10: =AC8/AC9 -> 0 | AD10: =AD8/AD9 -> 0 | AE10: =AE8/AE9 -> 0 | AF10: =AF8/AF9 -> 0
A14: GRIM PASSION PEROLS | B14: 1 | C14: 2 | D14: 3 | E14: 4 | F14: 5 | G14: 6 | H14: 7 | I14: 8 | J14: 9 | K14: 10 | L14: 11 | M14: 12 | N14: 13 | O14: 14 | P14: 15 | Q14: 16 | R14: 17 | S14: 18 | T14: 19 | U14: 20 | V14: 21 | W14: 22 | X14: 23 | Y14: 24 | Z14: 25 | AA14: 26 | AB14: 27 | AC14: 28 | AD14: 29 | AE14: 30 | AF14: 31
A15: CA REALISE (CLIENT CESSION GARANTIE) | B15: 329 | C15: 647 | D15: 930 | G15: 2786 | J15: 3893 | K15: 3226 | N15: 5488 | O15: 5744 | Q15: 5744 | R15: 6098 | U15: 6700 | V15: 6700 | W15: 7060 | X15: 7731 | Y15: 7995
A16: OBJECTIF | B16: 792 | C16: =B16+792 -> 1584 | D16: =C16+792 -> 2376 | G16: =D16+792 -> 3168 | H16: =G16+792 -> 3960 | I16: =H16+792 -> 4752 | J16: =I16+792 -> 5544 | K16: =J16+792 -> 6336 | N16: =K16+792 -> 7128 | O16: =N16+792 -> 7920 | Q16: =O16+792 -> 8712 | R16: =Q16+792 -> 9504 | U16: =R16+792 -> 10296 | V16: =U16+792 -> 11088 | W16: =V16+792 -> 11880 | X16: =W16+792 -> 12672 | Y16: =X16+792 -> 13464 | AB16: =Y16+792 -> 14256 | AC16: =AB16+792 -> 15048 | AD16: =AC16+792 -> 15840 | AE16: =AD16+792 -> 16632 | AF16: =AE16+792 -> 17424
A17: % DE REALISATION | B17: =B15/B16 -> 0.41540404 | C17: =C15/C16 -> 0.4084596 | D17: =D15/D16 -> 0.39141414 | G17: =G15/G16 -> 0.87941919 | H17: =H15/H16 -> 0 | I17: =I15/I16 -> 0 | J17: =J15/J16 -> 0.70220058 | K17: =K15/K16 -> 0.50915404 | N17: =N15/N16 -> 0.76992144 | O17: =O15/O16 -> 0.72525253 | Q17: =Q15/Q16 -> 0.65932048 | R17: =R15/R16 -> 0.64162458 | U17: =U15/U16 -> 0.65073815 | V17: =V15/V16 -> 0.60425685 | W17: =W15/W16 -> 0.59427609 | X17: =X15/X16 -> 0.61008523 | Y17: =Y15/Y16 -> 0.5938057 | AB17: =AB15/AB16 -> 0 | AC17: =AC15/AC16 -> 0 | AD17: =AD15/AD16 -> 0 | AE17: =AE15/AE16 -> 0 | AF17: =AF15/AF16 -> 0
A21: PRESTIGE AUTO MONTPELLIER | B21: 1 | C21: 2 | D21: 3 | E21: 4 | F21: 5 | G21: 6 | H21: 7 | I21: 8 | J21: 9 | K21: 10 | L21: 11 | M21: 12 | N21: 13 | O21: 14 | P21: 15 | Q21: 16 | R21: 17 | S21: 18 | T21: 19 | U21: 20 | V21: 21 | W21: 22 | X21: 23 | Y21: 24 | Z21: 25 | AA21: 26 | AB21: 27 | AC21: 28 | AD21: 29 | AE21: 30 | AF21: 31
A22: CA REALISE (CLIENT CESSION GARANTIE) | B22: 1545 | C22: 3197 | D22: 5433 | G22: 5797 | J22: 10201 | K22: 11746 | N22: 12039 | O22: 13463 | Q22: 17460 | R22: 20891 | U22: 23104 | V22: 25943 | W22: 28349 | X22: 33065 | Y22: 37274
A23: OBJECTIF | B23: 2877 | C23: =B23+2877 -> 5754 | D23: =C23+2877 -> 8631 | G23: =D23+2877 -> 11508 | H23: =G23+2877 -> 14385 | I23: =H23+2877 -> 17262 | J23: =I23+2877 -> 20139 | K23: =J23+2877 -> 23016 | N23: =K23+2877 -> 25893 | O23: =N23+2877 -> 28770 | Q23: =O23+2877 -> 31647 | R23: =Q23+2877 -> 34524 | U23: =R23+2877 -> 37401 | V23: =U23+2877 -> 40278 | W23: =V23+2877 -> 43155 | X23: =W23+2877 -> 46032 | Y23: =X23+2877 -> 48909 | AB23: =Y23+2877 -> 51786 | AC23: =AB23+2877 -> 54663 | AD23: =AC23+2877 -> 57540 | AE23: =AD23+2877 -> 60417 | AF23: =AE23+2877 -> 63294
A24: % DE REALISATION | B24: =B22/B23 -> 0.53701773 | C24: =C22/C23 -> 0.55561349 | D24: =D22/D23 -> 0.62947515 | G24: =G22/G23 -> 0.50373653 | H24: =H22/H23 -> 0 | I24: =I22/I23 -> 0 | J24: =J22/J23 -> 0.50652962 | K24: =K22/K23 -> 0.51034063 | N24: =N22/N23 -> 0.46495192 | O24: =O22/O23 -> 0.46795273 | Q24: =Q22/Q23 -> 0.55171106 | R24: =R22/R23 -> 0.60511528 | U24: =U22/U23 -> 0.61773749 | V24: =V22/V23 -> 0.64409852 | W24: =W22/W23 -> 0.65691113 | X24: =X22/X23 -> 0.71830466 | Y24: =Y22/Y23 -> 0.76210922 | AB24: =AB22/AB23 -> 0 | AC24: =AC22/AC23 -> 0 | AD24: =AD22/AD23 -> 0 | AE24: =AE22/AE23 -> 0 | AF24: =AF22/AF23 -> 0
A28: PRESTIGE AUTO NIMES | B28: 1 | C28: 2 | D28: 3 | E28: 4 | F28: 5 | G28: 6 | H28: 7 | I28: 8 | J28: 9 | K28: 10 | L28: 11 | M28: 12 | N28: 13 | O28: 14 | P28: 15 | Q28: 16 | R28: 17 | S28: 18 | T28: 19 | U28: 20 | V28: 21 | W28: 22 | X28: 23 | Y28: 24 | Z28: 25 | AA28: 26 | AB28: 27 | AC28: 28 | AD28: 29 | AE28: 30 | AF28: 31
A29: CA REALISE (CLIENT CESSION GARANTIE) | B29: 1198 | C29: 1530 | D29: 3184 | G29: 3648 | J29: 8030 | K29: 10262 | N29: 10898 | O29: 11900 | Q29: 12988 | R29: 13724 | U29: 14836 | V29: 15479 | W29: 16811 | X29: 17315 | Y29: 20342
A30: OBJECTIF | B30: 1770 | C30: =B30+1770 -> 3540 | D30: =C30+1770 -> 5310 | G30: =D30+1770 -> 7080 | H30: =G30+1770 -> 8850 | I30: =H30+1770 -> 10620 | J30: =I30+1770 -> 12390 | K30: =J30+1770 -> 14160 | N30: =K30+1770 -> 15930 | O30: =N30+1770 -> 17700 | Q30: =O30+1770 -> 19470 | R30: =Q30+1770 -> 21240 | U30: =R30+1770 -> 23010 | V30: =U30+1770 -> 24780 | W30: =V30+1770 -> 26550 | X30: =W30+1770 -> 28320 | Y30: =X30+1770 -> 30090 | AB30: =Y30+1770 -> 31860 | AC30: =AB30+1770 -> 33630 | AD30: =AC30+1770 -> 35400 | AE30: =AD30+1770 -> 37170 | AF30: =AE30+1770 -> 38940
A31: % DE REALISATION | B31: =B29/B30 -> 0.67683616 | C31: =C29/C30 -> 0.43220339 | D31: =D29/D30 -> 0.59962335 | G31: =G29/G30 -> 0.51525424 | H31: =H29/H30 -> 0 | I31: =I29/I30 -> 0 | J31: =J29/J30 -> 0.64810331 | K31: =K29/K30 -> 0.72471751 | N31: =N29/N30 -> 0.68411802 | O31: =O29/O30 -> 0.67231638 | Q31: =Q29/Q30 -> 0.66707756 | R31: =R29/R30 -> 0.64613936 | U31: =U29/U30 -> 0.64476315 | V31: =V29/V30 -> 0.62465698 | W31: =W29/W30 -> 0.63318267 | X31: =X29/X30 -> 0.61140537 | Y31: =Y29/Y30 -> 0.67603855 | AB31: =AB29/AB30 -> 0 | AC31: =AC29/AC30 -> 0 | AD31: =AD29/AD30 -> 0 | AE31: =AE29/AE30 -> 0 | AF31: =AF29/AF30 -> 0
A35: FORD LATTES | B35: 1 | C35: 2 | D35: 3 | E35: 4 | F35: 5 | G35: 6 | H35: 7 | I35: 8 | J35: 9 | K35: 10 | L35: 11 | M35: 12 | N35: 13 | O35: 14 | P35: 15 | Q35: 16 | R35: 17 | S35: 18 | T35: 19 | U35: 20 | V35: 21 | W35: 22 | X35: 23 | Y35: 24 | Z35: 25 | AA35: 26 | AB35: 27 | AC35: 28 | AD35: 29 | AE35: 30 | AF35: 31
A36: CA REALISE (CLIENT CESSION GARANTIE) | B36: 674 | C36: 2568 | D36: 3606 | G36: 6374 | J36: 13123 | K36: 14976 | N36: 16562 | O36: 18248 | Q36: 20657 | R36: 23915 | U36: 25226 | V36: 29709 | W36: 31768 | X36: 33958 | Y36: 36316
A37: OBJECTIF | B37: =3262 -> 3262 | C37: =B37+3262 -> 6524 | D37: =C37+3262 -> 9786 | G37: =D37+3262 -> 13048 | H37: =G37+3262 -> 16310 | I37: =H37+3262 -> 19572 | J37: =I37+3262 -> 22834 | K37: =J37+3262 -> 26096 | N37: =K37+3262 -> 29358 | O37: =N37+3262 -> 32620 | Q37: =O37+3262 -> 35882 | R37: =Q37+3262 -> 39144 | U37: =R37+3262 -> 42406 | V37: =U37+3262 -> 45668 | W37: =V37+3262 -> 48930 | X37: =W37+3262 -> 52192 | Y37: =X37+3262 -> 55454 | AB37: =Y37+3262 -> 58716 | AC37: =AB37+3262 -> 61978 | AD37: =AC37+3262 -> 65240 | AE37: =AD37+3262 -> 68502 | AF37: =AE37+3262 -> 71764
A38: % DE REALISATION | B38: =B36/B37 -> 0.2066217 | C38: =C36/C37 -> 0.39362354 | D38: =D36/D37 -> 0.36848559 | G38: =G36/G37 -> 0.48850399 | H38: =H36/H37 -> 0 | I38: =I36/I37 -> 0 | J38: =J36/J37 -> 0.57471315 | K38: =K36/K37 -> 0.57388105 | N38: =N36/N37 -> 0.56413925 | O38: =O36/O37 -> 0.5594114 | Q38: =Q36/Q37 -> 0.57569255 | R38: =R36/R37 -> 0.61094932 | U38: =U36/U37 -> 0.59486865 | V38: =V36/V37 -> 0.65054305 | W38: =W36/W37 -> 0.64925404 | X38: =X36/X37 -> 0.65063611 | Y38: =Y36/Y37 -> 0.65488513 | AB38: =AB36/AB37 -> 0 | AC38: =AC36/AC37 -> 0 | AD38: =AD36/AD37 -> 0 | AE38: =AE36/AE37 -> 0 | AF38: =AF36/AF37 -> 0
A42: FORD PEROLS | B42: 1 | C42: 2 | D42: 3 | E42: 4 | F42: 5 | G42: 6 | H42: 7 | I42: 8 | J42: 9 | K42: 10 | L42: 11 | M42: 12 | N42: 13 | O42: 14 | P42: 15 | Q42: 16 | R42: 17 | S42: 18 | T42: 19 | U42: 20 | V42: 21 | W42: 22 | X42: 23 | Y42: 24 | Z42: 25 | AA42: 26 | AB42: 27 | AC42: 28 | AD42: 29 | AE42: 30 | AF42: 31
A43: CA REALISE (CLIENT CESSION GARANTIE) | B43: 408 | C43: 408 | D43: 408 | G43: 576 | J43: 576 | K43: 576 | N43: 576 | O43: 576 | Q43: 576 | R43: 576 | U43: 4958 | V43: 5458 | W43: 5574 | X43: 5612 | Y43: 6054
A44: OBJECTIF | B44: 731 | C44: =B44+731 -> 1462 | D44: =C44+731 -> 2193 | G44: =D44+731 -> 2924 | H44: =G44+731 -> 3655 | I44: =H44+731 -> 4386 | J44: =I44+731 -> 5117 | K44: =J44+731 -> 5848 | N44: =K44+731 -> 6579 | O44: =N44+731 -> 7310 | Q44: =O44+731 -> 8041 | R44: =Q44+731 -> 8772 | U44: =R44+731 -> 9503 | V44: =U44+731 -> 10234 | W44: =V44+731 -> 10965 | X44: =W44+731 -> 11696 | Y44: =X44+731 -> 12427 | AB44: =Y44+731 -> 13158 | AC44: =AB44+731 -> 13889 | AD44: =AC44+731 -> 14620 | AE44: =AD44+731 -> 15351 | AF44: =AE44+731 -> 16082
A45: % DE REALISATION | B45: =B43/B44 -> 0.55813953 | C45: =C43/C44 -> 0.27906977 | D45: =D43/D44 -> 0.18604651 | G45: =G43/G44 -> 0.19699042 | H45: =H43/H44 -> 0 | I45: =I43/I44 -> 0 | J45: =J43/J44 -> 0.11256596 | K45: =K43/K44 -> 0.098495212 | N45: =N43/N44 -> 0.0875513 | O45: =O43/O44 -> 0.07879617 | Q45: =Q43/Q44 -> 0.071632881 | R45: =R43/R44 -> 0.065663475 | U45: =U43/U44 -> 0.52172998 | V45: =V43/V44 -> 0.5333203 | W45: =W43/W44 -> 0.50834473 | X45: =X43/X44 -> 0.47982216 | Y45: =Y43/Y44 -> 0.48716504 | AB45: =AB43/AB44 -> 0 | AC45: =AC43/AC44 -> 0 | AD45: =AD43/AD44 -> 0 | AE45: =AE43/AE44 -> 0 | AF45: =AF43/AF44 -> 0
A48: SETE | B48: 1 | C48: 2 | D48: 3 | E48: 4 | F48: 5 | G48: 6 | H48: 7 | I48: 8 | J48: 9 | K48: 10 | L48: 11 | M48: 12 | N48: 13 | O48: 14 | P48: 15 | Q48: 16 | R48: 17 | S48: 18 | T48: 19 | U48: 20 | V48: 21 | W48: 22 | X48: 23 | Y48: 24 | Z48: 25 | AA48: 26 | AB48: 27 | AC48: 28 | AD48: 29 | AE48: 30 | AF48: 31
A49: CA REALISE (CLIENT CESSION GARANTIE) | B49: 1151 | C49: 1607 | D49: 2022 | G49: 2687 | J49: 4353 | K49: 4633
A50: OBJECTIF | B50: 515 | C50: =B50+515 -> 1030 | D50: =C50+515 -> 1545 | G50: =D50+515 -> 2060 | H50: =G50+515 -> 2575 | I50: =H50+515 -> 3090 | J50: =I50+515 -> 3605 | K50: =J50+515 -> 4120
A51: % DE REALISATION | B51: =B49/B50 -> 2.2349515 | C51: =C49/C50 -> 1.5601942 | D51: =D49/D50 -> 1.3087379 | G51: =G49/G50 -> 1.3043689 | H51: =H49/H50 -> 0 | I51: =I49/I50 -> 0 | J51: =J49/J50 -> 1.2074896 | K51: =K49/K50 -> 1.1245146
A55: CARROSSERIE ST JEAN DE VEDAS | B55: 1 | C55: 2 | D55: 3 | E55: 4 | F55: 5 | G55: 6 | H55: 7 | I55: 8 | J55: 9 | K55: 10 | L55: 11 | M55: 12 | N55: 13 | O55: 14 | P55: 15 | Q55: 16 | R55: 17 | S55: 18 | T55: 19 | U55: 20 | V55: 21 | W55: 22 | X55: 23 | Y55: 24 | Z55: 25 | AA55: 26 | AB55: 27 | AC55: 28 | AD55: 29 | AE55: 30 | AF55: 31
A56: CA REALISE (CLIENT CESSION GARANTIE) | B56: 1927 | C56: 5183 | D56: 6435 | G56: 6661 | J56: 11434 | K56: 13625 | N56: 15675 | O56: 16957 | Q56: 16899 | R56: 20589 | U56: 20629 | V56: 23843 | W56: 26513 | X56: 28136 | Y56: 28899
A57: OBJECTIF | B57: 2004 | C57: =B57+2004 -> 4008 | D57: =C57+2004 -> 6012 | G57: =D57+2004 -> 8016 | H57: =G57+2004 -> 10020 | I57: =H57+2004 -> 12024 | J57: =I57+2004 -> 14028 | K57: =J57+2004 -> 16032 | N57: =K57+2004 -> 18036 | O57: =N57+2004 -> 20040 | Q57: =O57+2004 -> 22044 | R57: =Q57+2004 -> 24048 | U57: =R57+2004 -> 26052 | V57: =U57+2004 -> 28056 | W57: =V57+2004 -> 30060 | X57: =W57+2004 -> 32064 | Y57: =X57+2004 -> 34068 | AB57: =Y57+2004 -> 36072 | AC57: =AB57+2004 -> 38076 | AD57: =AC57+2004 -> 40080 | AE57: =AD57+2004 -> 42084 | AF57: =AE57+2004 -> 44088
A58: % DE REALISATION | B58: =B56/B57 -> 0.96157685 | C58: =C56/C57 -> 1.2931637 | D58: =D56/D57 -> 1.0703593 | G58: =G56/G57 -> 0.83096307 | H58: =H56/H57 -> 0 | I58: =I56/I57 -> 0 | J58: =J56/J57 -> 0.81508412 | K58: =K56/K57 -> 0.84986277 | N58: =N56/N57 -> 0.86909514 | O58: =O56/O57 -> 0.84615768 | Q58: =Q56/Q57 -> 0.76660316 | R58: =R56/R57 -> 0.85616267 | U58: =U56/U57 -> 0.7918394 | V58: =V56/V57 -> 0.84983604 | W58: =W56/W57 -> 0.88200266 | X58: =X56/X57 -> 0.87749501 | Y58: =Y56/Y57 -> 0.84827404 | AB58: =AB56/AB57 -> 0 | AC58: =AC56/AC57 -> 0 | AD58: =AD56/AD57 -> 0 | AE58: =AE56/AE57 -> 0 | AF58: =AF56/AF57 -> 0
A62: FORD RODEZ | B62: 1 | C62: 2 | D62: 3 | E62: 4 | F62: 5 | G62: 6 | H62: 7 | I62: 8 | J62: 9 | K62: 10 | L62: 11 | M62: 12 | N62: 13 | O62: 14 | P62: 15 | Q62: 16 | R62: 17 | S62: 18 | T62: 19 | U62: 20 | V62: 21 | W62: 22 | X62: 23 | Y62: 24 | Z62: 25 | AA62: 26 | AB62: 27 | AC62: 28 | AD62: 29 | AE62: 30 | AF62: 31
A63: CA REALISE (CLIENT CESSION GARANTIE) | B63: 2602 | C63: 4435 | D63: 5603 | G63: 5745 | J63: 9424 | K63: 11518 | N63: 11986 | O63: 12926 | Q63: 14475 | R63: 15375 | U63: 15766 | V63: 16558 | W63: 17186 | X63: 18497 | Y63: 18892
A64: OBJECTIF | B64: 913 | C64: =B64+913 -> 1826 | D64: =C64+913 -> 2739 | G64: =D64+913 -> 3652 | H64: =G64+913 -> 4565 | I64: =H64+913 -> 5478 | J64: =I64+913 -> 6391 | K64: =J64+913 -> 7304 | N64: =K64+913 -> 8217 | O64: =N64+913 -> 9130 | Q64: =O64+913 -> 10043 | R64: =Q64+913 -> 10956 | U64: =R64+913 -> 11869 | V64: =U64+913 -> 12782 | W64: =V64+913 -> 13695 | X64: =W64+913 -> 14608 | Y64: =X64+913 -> 15521 | AB64: =Y64+913 -> 16434 | AC64: =AB64+913 -> 17347 | AD64: =AC64+913 -> 18260 | AE64: =AD64+913 -> 19173 | AF64: =AE64+913 -> 20086
A65: % DE REALISATION | B65: =B63/B64 -> 2.8499452 | C65: =C63/C64 -> 2.4288061 | D65: =D63/D64 -> 2.0456371 | G65: =G63/G64 -> 1.5731106 | H65: =H63/H64 -> 0 | I65: =I63/I64 -> 0 | J65: =J63/J64 -> 1.4745736 | K65: =K63/K64 -> 1.5769441 | N65: =N63/N64 -> 1.4586832 | O65: =O63/O64 -> 1.4157722 | Q65: =Q63/Q64 -> 1.4413024 | R65: =R63/R64 -> 1.4033406 | U65: =U63/U64 -> 1.3283343 | V65: =V63/V64 -> 1.2954154 | W65: =W63/W64 -> 1.2549106 | X65: =X63/X64 -> 1.266224 | Y65: =Y63/Y64 -> 1.2171896 | AB65: =AB63/AB64 -> 0 | AC65: =AC63/AC64 -> 0 | AD65: =AD63/AD64 -> 0 | AE65: =AE63/AE64 -> 0 | AF65: =AF63/AF64 -> 0
A69: LAND ROVER RODEZ | B69: 1 | C69: 2 | D69: 3 | E69: 4 | F69: 5 | G69: 6 | H69: 7 | I69: 8 | J69: 9 | K69: 10 | L69: 11 | M69: 12 | N69: 13 | O69: 14 | P69: 15 | Q69: 16 | R69: 17 | S69: 18 | T69: 19 | U69: 20 | V69: 21 | W69: 22 | X69: 23 | Y69: 24 | Z69: 25 | AA69: 26 | AB69: 27 | AC69: 28 | AD69: 29 | AE69: 30 | AF69: 31
A70: CA REALISE (CLIENT CESSION GARANTIE) | B70: 880 | C70: 1674 | D70: 2135 | G70: 3148 | J70: 5965 | K70: 7475 | N70: 8244 | O70: 8914 | Q70: 9881 | R70: 10238 | U70: 10721 | V70: 11162 | W70: 11330 | X70: 12046 | Y70: 12896
A71: OBJECTIF | B71: 861 | C71: =B71+861 -> 1722 | D71: =C71+861 -> 2583 | G71: =D71+861 -> 3444 | H71: =G71+861 -> 4305 | I71: =H71+861 -> 5166 | J71: =I71+861 -> 6027 | K71: =J71+861 -> 6888 | N71: =K71+861 -> 7749 | O71: =N71+861 -> 8610 | Q71: =O71+861 -> 9471 | R71: =Q71+861 -> 10332 | U71: =R71+861 -> 11193 | V71: =U71+861 -> 12054 | W71: =V71+861 -> 12915 | X71: =W71+861 -> 13776 | Y71: =X71+861 -> 14637 | AB71: =Y71+861 -> 15498 | AC71: =AB71+861 -> 16359 | AD71: =AC71+861 -> 17220 | AE71: =AD71+861 -> 18081 | AF71: =AE71+861 -> 18942
A72: % DE REALISATION | B72: =B70/B71 -> 1.0220674 | C72: =C70/C71 -> 0.97212544 | D72: =D70/D71 -> 0.82655827 | G72: =G70/G71 -> 0.91405343 | H72: =H70/H71 -> 0 | I72: =I70/I71 -> 0 | J72: =J70/J71 -> 0.98971296 | K72: =K70/K71 -> 1.0852207 | N72: =N70/N71 -> 1.0638792 | O72: =O70/O71 -> 1.0353078 | Q72: =Q70/Q71 -> 1.04329 | R72: =R70/R71 -> 0.99090205 | U72: =U70/U71 -> 0.95783079 | V72: =V70/V71 -> 0.92599967 | W72: =W70/W71 -> 0.87727449 | X72: =X70/X71 -> 0.87441928 | Y72: =Y70/Y71 -> 0.88105486 | AB72: =AB70/AB71 -> 0 | AC72: =AC70/AC71 -> 0 | AD72: =AD70/AD71 -> 0 | AE72: =AE70/AE71 -> 0 | AF72: =AF70/AF71 -> 0

Sheet Septembre 2018
C1: Suivi objectif réalisation CA par atelier
AG3: =20 -> 20
S5: 5188
A7: GRIM PASSION LATTES | B7: 1 | C7: 2 | D7: 3 | E7: 4 | F7: 5 | G7: 6 | H7: 7 | I7: 8 | J7: 9 | K7: 10 | L7: 11 | M7: 12 | N7: 13 | O7: 14 | P7: 15 | Q7: 16 | R7: 17 | S7: 18 | T7: 19 | U7: 20 | V7: 21 | W7: 22 | X7: 23 | Y7: 24 | Z7: 25 | AA7: 26 | AB7: 27 | AC7: 28 | AD7: 29 | AE7: 30
A8: CA REALISE (CLIENT CESSION GARANTIE)
A9: OBJECTIF | D9: 5856 | E9: =D9+5856 -> 11712 | F9: =E9+5856 -> 17568 | G9: =F9+5856 -> 23424 | H9: =G9+5856 -> 29280 | K9: =H9+5856 -> 35136 | L9: =K9+5856 -> 40992 | M9: =L9+5856 -> 46848 | N9: =M9+5856 -> 52704 | O9: =N9+5856 -> 58560 | R9: =O9+5856 -> 64416 | S9: =R9+5856 -> 70272 | T9: =S9+5856 -> 76128 | U9: =T9+5856 -> 81984 | V9: =U9+5856 -> 87840 | Y9: =V9+5856 -> 93696 | Z9: =Y9+5856 -> 99552 | AA9: =Z9+5856 -> 105408 | AB9: =AA9+5856 -> 111264 | AC9: =AB9+5856 -> 117120
A10: % DE REALISATION | D10: =D8/D9 -> 0 | E10: =E8/E9 -> 0 | F10: =F8/F9 -> 0 | G10: =G8/G9 -> 0 | H10: =H8/H9 -> 0 | K10: =K8/K9 -> 0 | L10: =L8/L9 -> 0 | M10: =M8/M9 -> 0 | N10: =N8/N9 -> 0 | O10: =O8/O9 -> 0 | R10: =R8/R9 -> 0 | S10: =S8/S9 -> 0 | T10: =T8/T9 -> 0 | U10: =U8/U9 -> 0 | V10: =V8/V9 -> 0 | Y10: =Y8/Y9 -> 0 | Z10: =Z8/Z9 -> 0 | AA10: =AA8/AA9 -> 0 | AB10: =AB8/AB9 -> 0 | AC10: =AC8/AC9 -> 0
A14: GRIM PASSION PEROLS | B14: 1 | C14: 2 | D14: 3 | E14: 4 | F14: 5 | G14: 6 | H14: 7 | I14: 8 | J14: 9 | K14: 10 | L14: 11 | M14: 12 | N14: 13 | O14: 14 | P14: 15 | Q14: 16 | R14: 17 | S14: 18 | T14: 19 | U14: 20 | V14: 21 | W14: 22 | X14: 23 | Y14: 24 | Z14: 25 | AA14: 26 | AB14: 27 | AC14: 28 | AD14: 29 | AE14: 30
A15: CA REALISE (CLIENT CESSION GARANTIE)
A16: OBJECTIF | D16: 792 | E16: =D16+792 -> 1584 | F16: =E16+792 -> 2376 | G16: =F16+792 -> 3168 | H16: =G16+792 -> 3960 | K16: =H16+792 -> 4752 | L16: =K16+792 -> 5544 | M16: =L16+792 -> 6336 | N16: =M16+792 -> 7128 | O16: =N16+792 -> 7920 | R16: =O16+792 -> 8712 | S16: =R16+792 -> 9504 | T16: =S16+792 -> 10296 | U16: =T16+792 -> 11088 | V16: =U16+792 -> 11880 | Y16: =V16+792 -> 12672 | Z16: =Y16+792 -> 13464 | AA16: =Z16+792 -> 14256 | AB16: =AA16+792 -> 15048 | AC16: =AB16+792 -> 15840
A17: % DE REALISATION | D17: =D15/D16 -> 0 | E17: =E15/E16 -> 0 | F17: =F15/F16 -> 0 | G17: =G15/G16 -> 0 | H17: =H15/H16 -> 0 | K17: =K15/K16 -> 0 | L17: =L15/L16 -> 0 | M17: =M15/M16 -> 0 | N17: =N15/N16 -> 0 | O17: =O15/O16 -> 0 | R17: =R15/R16 -> 0 | S17: =S15/S16 -> 0 | T17: =T15/T16 -> 0 | U17: =U15/U16 -> 0 | V17: =V15/V16 -> 0 | Y17: =Y15/Y16 -> 0 | Z17: =Z15/Z16 -> 0 | AA17: =AA15/AA16 -> 0 | AB17: =AB15/AB16 -> 0 | AC17: =AC15/AC16 -> 0
A21: PRESTIGE AUTO MONTPELLIER | B21: 1 | C21: 2 | D21: 3 | E21: 4 | F21: 5 | G21: 6 | H21: 7 | I21: 8 | J21: 9 | K21: 10 | L21: 11 | M21: 12 | N21: 13 | O21: 14 | P21: 15 | Q21: 16 | R21: 17 | S21: 18 | T21: 19 | U21: 20 | V21: 21 | W21: 22 | X21: 23 | Y21: 24 | Z21: 25 | AA21: 26 | AB21: 27 | AC21: 28 | AD21: 29 | AE21: 30
A22: CA REALISE (CLIENT CESSION GARANTIE)
A23: OBJECTIF | D23: 2877 | E23: =D23+2877 -> 5754 | F23: =E23+2877 -> 8631 | G23: =F23+2877 -> 11508 | H23: =G23+2877 -> 14385 | K23: =2877+H23 -> 17262 | L23: =K23+2877 -> 20139 | M23: =L23+2877 -> 23016 | N23: =M23+2877 -> 25893 | O23: =N23+2877 -> 28770 | R23: =O23+2877 -> 31647 | S23: =R23+2877 -> 34524 | T23: =S23+2877 -> 37401 | U23: =T23+2877 -> 40278 | V23: =U23+2877 -> 43155 | Y23: =V23+2877 -> 46032 | Z23: =Y23+2877 -> 48909 | AA23: =Z23+2877 -> 51786 | AB23: =AA23+2877 -> 54663 | AC23: =AB23+2877 -> 57540
A24: % DE REALISATION | D24: =D22/D23 -> 0 | E24: =E22/E23 -> 0 | F24: =F22/F23 -> 0 | G24: =G22/G23 -> 0 | H24: =H22/H23 -> 0 | K24: =K22/K23 -> 0 | L24: =L22/L23 -> 0 | M24: =M22/M23 -> 0 | N24: =N22/N23 -> 0 | O24: =O22/O23 -> 0 | R24: =R22/R23 -> 0 | S24: =S22/S23 -> 0 | T24: =T22/T23 -> 0 | U24: =U22/U23 -> 0 | V24: =V22/V23 -> 0 | Y24: =Y22/Y23 -> 0 | Z24: =Z22/Z23 -> 0 | AA24: =AA22/AA23 -> 0 | AB24: =AB22/AB23 -> 0 | AC24: =AC22/AC23 -> 0
A28: PRESTIGE AUTO NIMES | B28: 1 | C28: 2 | D28: 3 | E28: 4 | F28: 5 | G28: 6 | H28: 7 | I28: 8 | J28: 9 | K28: 10 | L28: 11 | M28: 12 | N28: 13 | O28: 14 | P28: 15 | Q28: 16 | R28: 17 | S28: 18 | T28: 19 | U28: 20 | V28: 21 | W28: 22 | X28: 23 | Y28: 24 | Z28: 25 | AA28: 26 | AB28: 27 | AC28: 28 | AD28: 29 | AE28: 30
A29: CA REALISE (CLIENT CESSION GARANTIE)
A30: OBJECTIF | D30: 1770 | E30: =D30+1770 -> 3540 | F30: =E30+1770 -> 5310 | G30: =F30+1770 -> 7080 | H30: =G30+1770 -> 8850 | K30: =H30+1770 -> 10620 | L30: =K30+1770 -> 12390 | M30: =L30+1770 -> 14160 | N30: =M30+1770 -> 15930 | O30: =N30+1770 -> 17700 | R30: =O30+1770 -> 19470 | S30: =R30+1770 -> 21240 | T30: =S30+1770 -> 23010 | U30: =T30+1770 -> 24780 | V30: =U30+1770 -> 26550 | Y30: =V30+1770 -> 28320 | Z30: =Y30+1770 -> 30090 | AA30: =Z30+1770 -> 31860 | AB30: =AA30+1770 -> 33630 | AC30: =AB30+1770 -> 35400
A31: % DE REALISATION | D31: =D29/D30 -> 0 | E31: =E29/E30 -> 0 | F31: =F29/F30 -> 0 | G31: =G29/G30 -> 0 | H31: =H29/H30 -> 0 | K31: =K29/K30 -> 0 | L31: =L29/L30 -> 0 | M31: =M29/M30 -> 0 | N31: =N29/N30 -> 0 | O31: =O29/O30 -> 0 | R31: =R29/R30 -> 0 | S31: =S29/S30 -> 0 | T31: =T29/T30 -> 0 | U31: =U29/U30 -> 0 | V31: =V29/V30 -> 0 | Y31: =Y29/Y30 -> 0 | Z31: =Z29/Z30 -> 0 | AA31: =AA29/AA30 -> 0 | AB31: =AB29/AB30 -> 0 | AC31: =AC29/AC30 -> 0
A35: FORD LATTES | B35: 1 | C35: 2 | D35: 3 | E35: 4 | F35: 5 | G35: 6 | H35: 7 | I35: 8 | J35: 9 | K35: 10 | L35: 11 | M35: 12 | N35: 13 | O35: 14 | P35: 15 | Q35: 16 | R35: 17 | S35: 18 | T35: 19 | U35: 20 | V35: 21 | W35: 22 | X35: 23 | Y35: 24 | Z35: 25 | AA35: 26 | AB35: 27 | AC35: 28 | AD35: 29 | AE35: 30
A36: CA REALISE (CLIENT CESSION GARANTIE)
A37: OBJECTIF | D37: 3262 | E37: =D37+3262 -> 6524 | F37: =E37+3262 -> 9786 | G37: =F37+3262 -> 13048 | H37: =G37+3262 -> 16310 | K37: =H37+3262 -> 19572 | L37: =K37+3262 -> 22834 | M37: =L37+3262 -> 26096 | N37: =M37+3262 -> 29358 | O37: =N37+3262 -> 32620 | R37: =O37+3262 -> 35882 | S37: =R37+3262 -> 39144 | T37: =S37+3262 -> 42406 | U37: =T37+3262 -> 45668 | V37: =U37+3262 -> 48930 | Y37: =V37+3262 -> 52192 | Z37: =Y37+3262 -> 55454 | AA37: =Z37+3262 -> 58716 | AB37: =AA37+3262 -> 61978 | AC37: =AB37+3262 -> 65240
A38: % DE REALISATION | D38: =D36/D37 -> 0 | E38: =E36/E37 -> 0 | F38: =F36/F37 -> 0 | G38: =G36/G37 -> 0 | H38: =H36/H37 -> 0 | K38: =K36/K37 -> 0 | L38: =L36/L37 -> 0 | M38: =M36/M37 -> 0 | N38: =N36/N37 -> 0 | O38: =O36/O37 -> 0 | R38: =R36/R37 -> 0 | S38: =S36/S37 -> 0 | T38: =T36/T37 -> 0 | U38: =U36/U37 -> 0 | V38: =V36/V37 -> 0 | Y38: =Y36/Y37 -> 0 | Z38: =Z36/Z37 -> 0 | AA38: =AA36/AA37 -> 0 | AB38: =AB36/AB37 -> 0 | AC38: =AC36/AC37 -> 0
A42: FORD PEROLS | B42: 1 | C42: 2 | D42: 3 | E42: 4 | F42: 5 | G42: 6 | H42: 7 | I42: 8 | J42: 9 | K42: 10 | L42: 11 | M42: 12 | N42: 13 | O42: 14 | P42: 15 | Q42: 16 | R42: 17 | S42: 18 | T42: 19 | U42: 20 | V42: 21 | W42: 22 | X42: 23 | Y42: 24 | Z42: 25 | AA42: 26 | AB42: 27 | AC42: 28 | AD42: 29 | AE42: 30
A43: CA REALISE (CLIENT CESSION GARANTIE)
A44: OBJECTIF | D44: =731 -> 731 | E44: =D44+731 -> 1462 | F44: =E44+731 -> 2193 | G44: =F44+731 -> 2924 | H44: =G44+731 -> 3655 | K44: =H44+731 -> 4386 | L44: =K44+731 -> 5117 | M44: =L44+731 -> 5848 | N44: =M44+731 -> 6579 | O44: =N44+731 -> 7310 | R44: =O44+731 -> 8041 | S44: =R44+731 -> 8772 | T44: =S44+731 -> 9503 | U44: =T44+731 -> 10234 | V44: =U44+731 -> 10965 | Y44: =V44+731 -> 11696 | Z44: =Y44+731 -> 12427 | AA44: =Z44+731 -> 13158 | AB44: =AA44+731 -> 13889 | AC44: =AB44+731 -> 14620
A45: % DE REALISATION | D45: =D43/D44 -> 0 | E45: =E43/E44 -> 0 | F45: =F43/F44 -> 0 | G45: =G43/G44 -> 0 | H45: =H43/H44 -> 0 | K45: =K43/K44 -> 0 | L45: =L43/L44 -> 0 | M45: =M43/M44 -> 0 | N45: =N43/N44 -> 0 | O45: =O43/O44 -> 0 | R45: =R43/R44 -> 0 | S45: =S43/S44 -> 0 | T45: =T43/T44 -> 0 | U45: =U43/U44 -> 0 | V45: =V43/V44 -> 0 | Y45: =Y43/Y44 -> 0 | Z45: =Z43/Z44 -> 0 | AA45: =AA43/AA44 -> 0 | AB45: =AB43/AB44 -> 0 | AC45: =AC43/AC44 -> 0
A48: SETE | B48: 1 | C48: 2 | D48: 3 | E48: 4 | F48: 5 | G48: 6 | H48: 7 | I48: 8 | J48: 9 | K48: 10 | L48: 11 | M48: 12 | N48: 13 | O48: 14 | P48: 15 | Q48: 16 | R48: 17 | S48: 18 | T48: 19 | U48: 20 | V48: 21 | W48: 22 | X48: 23 | Y48: 24 | Z48: 25 | AA48: 26 | AB48: 27 | AC48: 28 | AD48: 29 | AE48: 30
A49: CA REALISE (CLIENT CESSION GARANTIE)
A50: OBJECTIF | D50: 515 | E50: =D50+515 -> 1030 | F50: =E50+515 -> 1545 | G50: =F50+515 -> 2060 | H50: =G50+515 -> 2575 | K50: =H50+515 -> 3090 | L50: =K50+515 -> 3605 | M50: =L50+515 -> 4120 | N50: =M50+515 -> 4635 | O50: =N50+515 -> 5150 | R50: =O50+515 -> 5665 | S50: =R50+515 -> 6180 | T50: =S50+515 -> 6695 | U50: =T50+515 -> 7210 | V50: =U50+515 -> 7725 | Y50: =V50+515 -> 8240 | Z50: =Y50+515 -> 8755 | AA50: =Z50+515 -> 9270 | AB50: =AA50+515 -> 9785 | AC50: =AB50+515 -> 10300
A51: % DE REALISATION | D51: =D49/D50 -> 0 | E51: =E49/E50 -> 0 | F51: =F49/F50 -> 0 | G51: =G49/G50 -> 0 | H51: =H49/H50 -> 0 | K51: =K49/K50 -> 0 | L51: =L49/L50 -> 0 | M51: =M49/M50 -> 0 | N51: =N49/N50 -> 0 | O51: =O49/O50 -> 0 | R51: =R49/R50 -> 0 | S51: =S49/S50 -> 0 | T51: =T49/T50 -> 0 | U51: =U49/U50 -> 0 | V51: =V49/V50 -> 0 | Y51: =Y49/Y50 -> 0 | Z51: =Z49/Z50 -> 0 | AA51: =AA49/AA50 -> 0 | AB51: =AB49/AB50 -> 0 | AC51: =AC49/AC50 -> 0
A56: CARROSSERIE ST JEAN DE VEDAS | B56: 1 | C56: 2 | D56: 3 | E56: 4 | F56: 5 | G56: 6 | H56: 7 | I56: 8 | J56: 9 | K56: 10 | L56: 11 | M56: 12 | N56: 13 | O56: 14 | P56: 15 | Q56: 16 | R56: 17 | S56: 18 | T56: 19 | U56: 20 | V56: 21 | W56: 22 | X56: 23 | Y56: 24 | Z56: 25 | AA56: 26 | AB56: 27 | AC56: 28 | AD56: 29 | AE56: 30
A57: CA REALISE (CLIENT CESSION GARANTIE)
A58: OBJECTIF | D58: 2004 | E58: =D58+2004 -> 4008 | F58: =E58+2004 -> 6012 | G58: =F58+2004 -> 8016 | H58: =G58+2004 -> 10020 | K58: =H58+2004 -> 12024 | L58: =K58+2004 -> 14028 | M58: =L58+2004 -> 16032 | N58: =M58+2004 -> 18036 | O58: =N58+2004 -> 20040 | R58: =O58+2004 -> 22044 | S58: =R58+2004 -> 24048 | T58: =S58+2004 -> 26052 | U58: =T58+2004 -> 28056 | V58: =U58+2004 -> 30060 | Y58: =V58+2004 -> 32064 | Z58: =Y58+2004 -> 34068 | AA58: =Z58+2004 -> 36072 | AB58: =AA58+2004 -> 38076 | AC58: =AB58+2004 -> 40080
A59: % DE REALISATION | D59: =D57/D58 -> 0 | E59: =E57/E58 -> 0 | F59: =F57/F58 -> 0 | G59: =G57/G58 -> 0 | H59: =H57/H58 -> 0 | K59: =K57/K58 -> 0 | L59: =L57/L58 -> 0 | M59: =M57/M58 -> 0 | N59: =N57/N58 -> 0 | O59: =O57/O58 -> 0 | R59: =R57/R58 -> 0 | S59: =S57/S58 -> 0 | T59: =T57/T58 -> 0 | U59: =U57/U58 -> 0 | V59: =V57/V58 -> 0 | Y59: =Y57/Y58 -> 0 | Z59: =Z57/Z58 -> 0 | AA59: =AA57/AA58 -> 0 | AB59: =AB57/AB58 -> 0 | AC59: =AC57/AC58 -> 0
A63: FORD RODEZ | B63: 1 | C63: 2 | D63: 3 | E63: 4 | F63: 5 | G63: 6 | H63: 7 | I63: 8 | J63: 9 | K63: 10 | L63: 11 | M63: 12 | N63: 13 | O63: 14 | P63: 15 | Q63: 16 | R63: 17 | S63: 18 | T63: 19 | U63: 20 | V63: 21 | W63: 22 | X63: 23 | Y63: 24 | Z63: 25 | AA63: 26 | AB63: 27 | AC63: 28 | AD63: 29 | AE63: 30
A64: CA REALISE (CLIENT CESSION GARANTIE)
A65: OBJECTIF | D65: 913 | E65: =D65+913 -> 1826 | F65: =E65+913 -> 2739 | G65: =F65+913 -> 3652 | H65: =G65+913 -> 4565 | K65: =H65+913 -> 5478 | L65: =K65+913 -> 6391 | M65: =L65+913 -> 7304 | N65: =M65+913 -> 8217 | O65: =N65+913 -> 9130 | R65: =O65+913 -> 10043 | S65: =R65+913 -> 10956 | T65: =S65+913 -> 11869 | U65: =T65+913 -> 12782 | V65: =U65+913 -> 13695 | Y65: =V65+913 -> 14608 | Z65: =Y65+913 -> 15521 | AA65: =Z65+913 -> 16434 | AB65: =AA65+913 -> 17347 | AC65: =AB65+913 -> 18260
A66: % DE REALISATION | D66: =D64/D65 -> 0 | E66: =E64/E65 -> 0 | F66: =F64/F65 -> 0 | G66: =G64/G65 -> 0 | H66: =H64/H65 -> 0 | K66: =K64/K65 -> 0 | L66: =L64/L65 -> 0 | M66: =M64/M65 -> 0 | N66: =N64/N65 -> 0 | O66: =O64/O65 -> 0 | R66: =R64/R65 -> 0 | S66: =S64/S65 -> 0 | T66: =T64/T65 -> 0 | U66: =U64/U65 -> 0 | V66: =V64/V65 -> 0 | Y66: =Y64/Y65 -> 0 | Z66: =Z64/Z65 -> 0 | AA66: =AA64/AA65 -> 0 | AB66: =AB64/AB65 -> 0 | AC66: =AC64/AC65 -> 0
A70: LAND ROVER RODEZ | B70: 1 | C70: 2 | D70: 3 | E70: 4 | F70: 5 | G70: 6 | H70: 7 | I70: 8 | J70: 9 | K70: 10 | L70: 11 | M70: 12 | N70: 13 | O70: 14 | P70: 15 | Q70: 16 | R70: 17 | S70: 18 | T70: 19 | U70: 20 | V70: 21 | W70: 22 | X70: 23 | Y70: 24 | Z70: 25 | AA70: 26 | AB70: 27 | AC70: 28 | AD70: 29 | AE70: 30
A71: CA REALISE (CLIENT CESSION GARANTIE)
A72: OBJECTIF | D72: 861 | E72: =D72+861 -> 1722 | F72: =E72+861 -> 2583 | G72: =F72+861 -> 3444 | H72: =G72+861 -> 4305 | K72: =H72+861 -> 5166 | L72: =K72+861 -> 6027 | M72: =L72+861 -> 6888 | N72: =M72+861 -> 7749 | O72: =N72+861 -> 8610 | R72: =O72+861 -> 9471 | S72: =R72+861 -> 10332 | T72: =S72+861 -> 11193 | U72: =T72+861 -> 12054 | V72: =U72+861 -> 12915 | Y72: =V72+861 -> 13776 | Z72: =Y72+861 -> 14637 | AA72: =Z72+861 -> 15498 | AB72: =AA72+861 -> 16359 | AC72: =AB72+861 -> 17220
A73: % DE REALISATION | D73: =D71/D72 -> 0 | E73: =E71/E72 -> 0 | F73: =F71/F72 -> 0 | G73: =G71/G72 -> 0 | H73: =H71/H72 -> 0 | K73: =K71/K72 -> 0 | L73: =L71/L72 -> 0 | M73: =M71/M72 -> 0 | N73: =N71/N72 -> 0 | O73: =O71/O72 -> 0 | R73: =R71/R72 -> 0 | S73: =S71/S72 -> 0 | T73: =T71/T72 -> 0 | U73: =U71/U72 -> 0 | V73: =V71/V72 -> 0 | Y73: =Y71/Y72 -> 0 | Z73: =Z71/Z72 -> 0 | AA73: =AA71/AA72 -> 0 | AB73: =AB71/AB72 -> 0 | AC73: =AC71/AC72 -> 0

Sheet Octobre 2018
C1: Suivi objectif réalisation CA par atelier
AH3: =23 -> 23
S5: 5188
A7: GRIM PASSION LATTES | B7: 1 | C7: 2 | D7: 3 | E7: 4 | F7: 5 | G7: 6 | H7: 7 | I7: 8 | J7: 9 | K7: 10 | L7: 11 | M7: 12 | N7: 13 | O7: 14 | P7: 15 | Q7: 16 | R7: 17 | S7: 18 | T7: 19 | U7: 20 | V7: 21 | W7: 22 | X7: 23 | Y7: 24 | Z7: 25 | AA7: 26 | AB7: 27 | AC7: 28 | AD7: 29 | AE7: 30 | AF7: 31
A8: CA REALISE (CLIENT CESSION GARANTIE)
A9: OBJECTIF | B9: 5856 | C9: =B9+5856 -> 11712 | D9: =C9+5856 -> 17568 | E9: =D9+5856 -> 23424 | F9: =E9+5856 -> 29280 | I9: =F9+5856 -> 35136 | J9: =I9+5856 -> 40992 | K9: =J9+5856 -> 46848 | L9: =K9+5856 -> 52704 | M9: =L9+5856 -> 58560 | P9: =M9+5856 -> 64416 | Q9: =P9+5856 -> 70272 | R9: =Q9+5856 -> 76128 | S9: =R9+5856 -> 81984 | T9: =S9+5856 -> 87840 | W9: =T9+5856 -> 93696 | X9: =W9+5856 -> 99552 | Y9: =X9+5856 -> 105408 | Z9: =Y9+5856 -> 111264 | AA9: =Z9+5856 -> 117120 | AD9: =AA9+5856 -> 122976 | AE9: =AD9+5856 -> 128832 | AF9: =AE9+5856 -> 134688
A10: % DE REALISATION | B10: =B8/B9 -> 0 | C10: =C8/C9 -> 0 | D10: =D8/D9 -> 0 | E10: =E8/E9 -> 0 | F10: =F8/F9 -> 0 | I10: =I8/I9 -> 0 | J10: =J8/J9 -> 0 | K10: =K8/K9 -> 0 | L10: =L8/L9 -> 0 | M10: =M8/M9 -> 0 | P10: =P8/P9 -> 0 | Q10: =Q8/Q9 -> 0 | R10: =R8/R9 -> 0 | S10: =S8/S9 -> 0 | T10: =T8/T9 -> 0 | W10: =W8/W9 -> 0 | X10: =X8/X9 -> 0 | Y10: =Y8/Y9 -> 0 | Z10: =Z8/Z9 -> 0 | AA10: =AA8/AA9 -> 0 | AD10: =AD8/AD9 -> 0 | AE10: =AE8/AE9 -> 0 | AF10: =AF8/AF9 -> 0
A14: GRIM PASSION PEROLS | B14: 1 | C14: 2 | D14: 3 | E14: 4 | F14: 5 | G14: 6 | H14: 7 | I14: 8 | J14: 9 | K14: 10 | L14: 11 | M14: 12 | N14: 13 | O14: 14 | P14: 15 | Q14: 16 | R14: 17 | S14: 18 | T14: 19 | U14: 20 | V14: 21 | W14: 22 | X14: 23 | Y14: 24 | Z14: 25 | AA14: 26 | AB14: 27 | AC14: 28 | AD14: 29 | AE14: 30 | AF14: 31
A15: CA REALISE (CLIENT CESSION GARANTIE)
A16: OBJECTIF | B16: 792 | C16: =B16+792 -> 1584 | D16: =C16+792 -> 2376 | E16: =D16+792 -> 3168 | F16: =E16+792 -> 3960 | I16: =F16+792 -> 4752 | J16: =I16+792 -> 5544 | K16: =J16+792 -> 6336 | L16: =K16+792 -> 7128 | M16: =L16+792 -> 7920 | P16: =M16+792 -> 8712 | Q16: =P16+792 -> 9504 | R16: =Q16+792 -> 10296 | S16: =R16+792 -> 11088 | T16: =S16+792 -> 11880 | W16: =T16+792 -> 12672 | X16: =W16+792 -> 13464 | Y16: =X16+792 -> 14256 | Z16: =Y16+792 -> 15048 | AA16: =Z16+792 -> 15840 | AD16: =AA16+792 -> 16632 | AE16: =AD16+792 -> 17424 | AF16: =AE16+792 -> 18216
A17: % DE REALISATION | B17: =B15/B16 -> 0 | C17: =C15/C16 -> 0 | D17: =D15/D16 -> 0 | E17: =E15/E16 -> 0 | F17: =F15/F16 -> 0 | I17: =I15/I16 -> 0 | J17: =J15/J16 -> 0 | K17: =K15/K16 -> 0 | L17: =L15/L16 -> 0 | M17: =M15/M16 -> 0 | P17: =P15/P16 -> 0 | Q17: =Q15/Q16 -> 0 | R17: =R15/R16 -> 0 | S17: =S15/S16 -> 0 | T17: =T15/T16 -> 0 | W17: =W15/W16 -> 0 | X17: =X15/X16 -> 0 | Y17: =Y15/Y16 -> 0 | Z17: =Z15/Z16 -> 0 | AA17: =AA15/AA16 -> 0 | AD17: =AD15/AD16 -> 0 | AE17: =AE15/AE16 -> 0 | AF17: =AF15/AF16 -> 0
A21: PRESTIGE AUTO MONTPELLIER | B21: 1 | C21: 2 | D21: 3 | E21: 4 | F21: 5 | G21: 6 | H21: 7 | I21: 8 | J21: 9 | K21: 10 | L21: 11 | M21: 12 | N21: 13 | O21: 14 | P21: 15 | Q21: 16 | R21: 17 | S21: 18 | T21: 19 | U21: 20 | V21: 21 | W21: 22 | X21: 23 | Y21: 24 | Z21: 25 | AA21: 26 | AB21: 27 | AC21: 28 | AD21: 29 | AE21: 30 | AF21: 31
A22: CA REALISE (CLIENT CESSION GARANTIE)
A23: OBJECTIF | B23: 2877 | C23: =B23+2877 -> 5754 | D23: =C23+2877 -> 8631 | E23: =D23+2877 -> 11508 | F23: =E23+2877 -> 14385 | I23: =F23+2877 -> 17262 | J23: =I23+2877 -> 20139 | K23: =J23+2877 -> 23016 | L23: =K23+2877 -> 25893 | M23: =L23+2877 -> 28770 | P23: =M23+2877 -> 31647 | Q23: =P23+2877 -> 34524 | R23: =Q23+2877 -> 37401 | S23: =R23+2877 -> 40278 | T23: =S23+2877 -> 43155 | W23: =T23+2877 -> 46032 | X23: =W23+2877 -> 48909 | Y23: =X23+2877 -> 51786 | Z23: =Y23+2877 -> 54663 | AA23: =Z23+2877 -> 57540 | AD23: =AA23+2877 -> 60417 | AE23: =AD23+2877 -> 63294 | AF23: =AE23+2877 -> 66171
A24: % DE REALISATION | B24: =B22/B23 -> 0 | C24: =C22/C23 -> 0 | D24: =D22/D23 -> 0 | E24: =E22/E23 -> 0 | F24: =F22/F23 -> 0 | I24: =I22/I23 -> 0 | J24: =J22/J23 -> 0 | K24: =K22/K23 -> 0 | L24: =L22/L23 -> 0 | M24: =M22/M23 -> 0 | P24: =P22/P23 -> 0 | Q24: =Q22/Q23 -> 0 | R24: =R22/R23 -> 0 | S24: =S22/S23 -> 0 | T24: =T22/T23 -> 0 | W24: =W22/W23 -> 0 | X24: =X22/X23 -> 0 | Y24: =Y22/Y23 -> 0 | Z24: =Z22/Z23 -> 0 | AA24: =AA22/AA23 -> 0 | AD24: =AD22/AD23 -> 0 | AE24: =AE22/AE23 -> 0 | AF24: =AF22/AF23 -> 0
A28: PRESTIGE AUTO NIMES | B28: 1 | C28: 2 | D28: 3 | E28: 4 | F28: 5 | G28: 6 | H28: 7 | I28: 8 | J28: 9 | K28: 10 | L28: 11 | M28: 12 | N28: 13 | O28: 14 | P28: 15 | Q28: 16 | R28: 17 | S28: 18 | T28: 19 | U28: 20 | V28: 21 | W28: 22 | X28: 23 | Y28: 24 | Z28: 25 | AA28: 26 | AB28: 27 | AC28: 28 | AD28: 29 | AE28: 30 | AF28: 31
A29: CA REALISE (CLIENT CESSION GARANTIE)
A30: OBJECTIF | B30: 1770 | C30: =B30+1770 -> 3540 | D30: =C30+1770 -> 5310 | E30: =D30+1770 -> 7080 | F30: =E30+1770 -> 8850 | I30: =F30+1770 -> 10620 | J30: =I30+1770 -> 12390 | K30: =J30+1770 -> 14160 | L30: =K30+1770 -> 15930 | M30: =L30+1770 -> 17700 | P30: =M30+1770 -> 19470 | Q30: =P30+1770 -> 21240 | R30: =Q30+1770 -> 23010 | S30: =R30+1770 -> 24780 | T30: =S30+1770 -> 26550 | W30: =T30+1770 -> 28320 | X30: =W30+1770 -> 30090 | Y30: =X30+1770 -> 31860 | Z30: =Y30+1770 -> 33630 | AA30: =Z30+1770 -> 35400 | AD30: =AA30+1770 -> 37170 | AE30: =AD30+1770 -> 38940 | AF30: =AE30+1770 -> 40710
A31: % DE REALISATION | B31: =B29/B30 -> 0 | C31: =C29/C30 -> 0 | D31: =D29/D30 -> 0 | E31: =E29/E30 -> 0 | F31: =F29/F30 -> 0 | I31: =I29/I30 -> 0 | J31: =J29/J30 -> 0 | K31: =K29/K30 -> 0 | L31: =L29/L30 -> 0 | M31: =M29/M30 -> 0 | P31: =P29/P30 -> 0 | Q31: =Q29/Q30 -> 0 | R31: =R29/R30 -> 0 | S31: =S29/S30 -> 0 | T31: =T29/T30 -> 0 | W31: =W29/W30 -> 0 | X31: =X29/X30 -> 0 | Y31: =Y29/Y30 -> 0 | Z31: =Z29/Z30 -> 0 | AA31: =AA29/AA30 -> 0 | AD31: =AD29/AD30 -> 0 | AE31: =AE29/AE30 -> 0 | AF31: =AF29/AF30 -> 0
A35: FORD LATTES | B35: 1 | C35: 2 | D35: 3 | E35: 4 | F35: 5 | G35: 6 | H35: 7 | I35: 8 | J35: 9 | K35: 10 | L35: 11 | M35: 12 | N35: 13 | O35: 14 | P35: 15 | Q35: 16 | R35: 17 | S35: 18 | T35: 19 | U35: 20 | V35: 21 | W35: 22 | X35: 23 | Y35: 24 | Z35: 25 | AA35: 26 | AB35: 27 | AC35: 28 | AD35: 29 | AE35: 30 | AF35: 31
A36: CA REALISE (CLIENT CESSION GARANTIE)
A37: OBJECTIF | B37: 3262 | C37: =B37+3262 -> 6524 | D37: =C37+3262 -> 9786 | E37: =D37+3262 -> 13048 | F37: =E37+3262 -> 16310 | I37: =F37+3262 -> 19572 | J37: =I37+3262 -> 22834 | K37: =J37+3262 -> 26096 | L37: =K37+3262 -> 29358 | M37: =L37+3262 -> 32620 | P37: =M37+3262 -> 35882 | Q37: =P37+3262 -> 39144 | R37: =Q37+3262 -> 42406 | S37: =R37+3262 -> 45668 | T37: =S37+3262 -> 48930 | W37: =T37+3262 -> 52192 | X37: =W37+3262 -> 55454 | Y37: =X37+3262 -> 58716 | Z37: =Y37+3262 -> 61978 | AA37: =Z37+3262 -> 65240 | AD37: =AA37+3262 -> 68502 | AE37: =AD37+3262 -> 71764 | AF37: =AE37+3262 -> 75026
A38: % DE REALISATION | B38: =B36/B37 -> 0 | C38: =C36/C37 -> 0 | D38: =D36/D37 -> 0 | E38: =E36/E37 -> 0 | F38: =F36/F37 -> 0 | I38: =I36/I37 -> 0 | J38: =J36/J37 -> 0 | K38: =K36/K37 -> 0 | L38: =L36/L37 -> 0 | M38: =M36/M37 -> 0 | P38: =P36/P37 -> 0 | Q38: =Q36/Q37 -> 0 | R38: =R36/R37 -> 0 | S38: =S36/S37 -> 0 | T38: =T36/T37 -> 0 | W38: =W36/W37 -> 0 | X38: =X36/X37 -> 0 | Y38: =Y36/Y37 -> 0 | Z38: =Z36/Z37 -> 0 | AA38: =AA36/AA37 -> 0 | AD38: =AD36/AD37 -> 0 | AE38: =AE36/AE37 -> 0 | AF38: =AF36/AF37 -> 0
A42: FORD PEROLS | B42: 1 | C42: 2 | D42: 3 | E42: 4 | F42: 5 | G42: 6 | H42: 7 | I42: 8 | J42: 9 | K42: 10 | L42: 11 | M42: 12 | N42: 13 | O42: 14 | P42: 15 | Q42: 16 | R42: 17 | S42: 18 | T42: 19 | U42: 20 | V42: 21 | W42: 22 | X42: 23 | Y42: 24 | Z42: 25 | AA42: 26 | AB42: 27 | AC42: 28 | AD42: 29 | AE42: 30 | AF42: 31
A43: CA REALISE (CLIENT CESSION GARANTIE)
A44: OBJECTIF | B44: 731 | C44: =B44+731 -> 1462 | D44: =C44+731 -> 2193 | E44: =D44+731 -> 2924 | F44: =E44+731 -> 3655 | I44: =F44+731 -> 4386 | J44: =I44+731 -> 5117 | K44: =J44+731 -> 5848 | L44: =K44+731 -> 6579 | M44: =L44+731 -> 7310 | P44: =M44+731 -> 8041 | Q44: =P44+731 -> 8772 | R44: =Q44+731 -> 9503 | S44: =R44+731 -> 10234 | T44: =S44+731 -> 10965 | W44: =T44+731 -> 11696 | X44: =W44+731 -> 12427 | Y44: =X44+731 -> 13158 | Z44: =Y44+731 -> 13889 | AA44: =Z44+731 -> 14620 | AD44: =AA44+731 -> 15351 | AE44: =AD44+731 -> 16082 | AF44: =AE44+731 -> 16813
A45: % DE REALISATION | B45: =B43/B44 -> 0 | C45: =C43/C44 -> 0 | D45: =D43/D44 -> 0 | E45: =E43/E44 -> 0 | F45: =F43/F44 -> 0 | I45: =I43/I44 -> 0 | J45: =J43/J44 -> 0 | K45: =K43/K44 -> 0 | L45: =L43/L44 -> 0 | M45: =M43/M44 -> 0 | P45: =P43/P44 -> 0 | Q45: =Q43/Q44 -> 0 | R45: =R43/R44 -> 0 | S45: =S43/S44 -> 0 | T45: =T43/T44 -> 0 | W45: =W43/W44 -> 0 | X45: =X43/X44 -> 0 | Y45: =Y43/Y44 -> 0 | Z45: =Z43/Z44 -> 0 | AA45: =AA43/AA44 -> 0 | AD45: =AD43/AD44 -> 0 | AE45: =AE43/AE44 -> 0 | AF45: =AF43/AF44 -> 0
A48: SETE | B48: 1 | C48: 2 | D48: 3 | E48: 4 | F48: 5 | G48: 6 | H48: 7 | I48: 8 | J48: 9 | K48: 10 | L48: 11 | M48: 12 | N48: 13 | O48: 14 | P48: 15 | Q48: 16 | R48: 17 | S48: 18 | T48: 19 | U48: 20 | V48: 21 | W48: 22 | X48: 23 | Y48: 24 | Z48: 25 | AA48: 26 | AB48: 27 | AC48: 28 | AD48: 29 | AE48: 30 | AF48: 31
A49: CA REALISE (CLIENT CESSION GARANTIE)
A50: OBJECTIF | B50: 515 | C50: =B50+515 -> 1030 | D50: =C50+515 -> 1545 | E50: =D50+515 -> 2060 | F50: =E50+515 -> 2575 | I50: =F50+515 -> 3090 | J50: =I50+515 -> 3605 | K50: =J50+515 -> 4120 | L50: =K50+515 -> 4635 | M50: =L50+515 -> 5150 | P50: =M50+515 -> 5665 | Q50: =P50+515 -> 6180 | R50: =Q50+515 -> 6695 | S50: =R50+515 -> 7210 | T50: =S50+515 -> 7725 | W50: =T50+515 -> 8240 | X50: =W50+515 -> 8755 | Y50: =X50+515 -> 9270 | Z50: =Y50+515 -> 9785 | AA50: =Z50+515 -> 10300 | AD50: =AA50+515 -> 10815 | AE50: =AD50+515 -> 11330 | AF50: =AE50+515 -> 11845
A51: % DE REALISATION | B51: =B49/B50 -> 0 | C51: =C49/C50 -> 0 | D51: =D49/D50 -> 0 | E51: =E49/E50 -> 0 | F51: =F49/F50 -> 0 | I51: =I49/I50 -> 0 | J51: =J49/J50 -> 0 | K51: =K49/K50 -> 0 | L51: =L49/L50 -> 0 | M51: =M49/M50 -> 0 | P51: =P49/P50 -> 0 | Q51: =Q49/Q50 -> 0 | R51: =R49/R50 -> 0 | S51: =S49/S50 -> 0 | T51: =T49/T50 -> 0 | W51: =W49/W50 -> 0 | X51: =X49/X50 -> 0 | Y51: =Y49/Y50 -> 0 | Z51: =Z49/Z50 -> 0 | AA51: =AA49/AA50 -> 0 | AD51: =AD49/AD50 -> 0 | AE51: =AE49/AE50 -> 0 | AF51: =AF49/AF50 -> 0
A56: CARROSSERIE ST JEAN DE VEDAS | B56: 1 | C56: 2 | D56: 3 | E56: 4 | F56: 5 | G56: 6 | H56: 7 | I56: 8 | J56: 9 | K56: 10 | L56: 11 | M56: 12 | N56: 13 | O56: 14 | P56: 15 | Q56: 16 | R56: 17 | S56: 18 | T56: 19 | U56: 20 | V56: 21 | W56: 22 | X56: 23 | Y56: 24 | Z56: 25 | AA56: 26 | AB56: 27 | AC56: 28 | AD56: 29 | AE56: 30 | AF56: 31
A57: CA REALISE (CLIENT CESSION GARANTIE)
A58: OBJECTIF | B58: 2004 | C58: =B58+2004 -> 4008 | D58: =C58+2004 -> 6012 | E58: =D58+2004 -> 8016 | F58: =E58+2004 -> 10020 | I58: =F58+2004 -> 12024 | J58: =I58+2004 -> 14028 | K58: =J58+2004 -> 16032 | L58: =K58+2004 -> 18036 | M58: =L58+2004 -> 20040 | P58: =M58+2004 -> 22044 | Q58: =P58+2004 -> 24048 | R58: =Q58+2004 -> 26052 | S58: =R58+2004 -> 28056 | T58: =S58+2004 -> 30060 | W58: =T58+2004 -> 32064 | X58: =W58+2004 -> 34068 | Y58: =X58+2004 -> 36072 | Z58: =Y58+2004 -> 38076 | AA58: =Z58+2004 -> 40080 | AD58: =AA58+2004 -> 42084 | AE58: =AD58+2004 -> 44088 | AF58: =AE58+2004 -> 46092
A59: % DE REALISATION | B59: =B57/B58 -> 0 | C59: =C57/C58 -> 0 | D59: =D57/D58 -> 0 | E59: =E57/E58 -> 0 | F59: =F57/F58 -> 0 | I59: =I57/I58 -> 0 | J59: =J57/J58 -> 0 | K59: =K57/K58 -> 0 | L59: =L57/L58 -> 0 | M59: =M57/M58 -> 0 | P59: =P57/P58 -> 0 | Q59: =Q57/Q58 -> 0 | R59: =R57/R58 -> 0 | S59: =S57/S58 -> 0 | T59: =T57/T58 -> 0 | W59: =W57/W58 -> 0 | X59: =X57/X58 -> 0 | Y59: =Y57/Y58 -> 0 | Z59: =Z57/Z58 -> 0 | AA59: =AA57/AA58 -> 0 | AD59: =AD57/AD58 -> 0 | AE59: =AE57/AE58 -> 0 | AF59: =AF57/AF58 -> 0
A63: FORD RODEZ | B63: 1 | C63: 2 | D63: 3 | E63: 4 | F63: 5 | G63: 6 | H63: 7 | I63: 8 | J63: 9 | K63: 10 | L63: 11 | M63: 12 | N63: 13 | O63: 14 | P63: 15 | Q63: 16 | R63: 17 | S63: 18 | T63: 19 | U63: 20 | V63: 21 | W63: 22 | X63: 23 | Y63: 24 | Z63: 25 | AA63: 26 | AB63: 27 | AC63: 28 | AD63: 29 | AE63: 30 | AF63: 31
A64: CA REALISE (CLIENT CESSION GARANTIE)
A65: OBJECTIF | B65: 913 | C65: =B65+913 -> 1826 | D65: =C65+913 -> 2739 | E65: =D65+913 -> 3652 | F65: =E65+913 -> 4565 | I65: =F65+913 -> 5478 | J65: =I65+913 -> 6391 | K65: =J65+913 -> 7304 | L65: =K65+913 -> 8217 | M65: =L65+913 -> 9130 | P65: =M65+913 -> 10043 | Q65: =P65+913 -> 10956 | R65: =Q65+913 -> 11869 | S65: =R65+913 -> 12782 | T65: =S65+913 -> 13695 | W65: =T65+913 -> 14608 | X65: =W65+913 -> 15521 | Y65: =X65+913 -> 16434 | Z65: =Y65+913 -> 17347 | AA65: =Z65+913 -> 18260 | AD65: =AA65+913 -> 19173 | AE65: =AD65+913 -> 20086 | AF65: =AE65+913 -> 20999
A66: % DE REALISATION | B66: =B64/B65 -> 0 | C66: =C64/C65 -> 0 | D66: =D64/D65 -> 0 | E66: =E64/E65 -> 0 | F66: =F64/F65 -> 0 | I66: =I64/I65 -> 0 | J66: =J64/J65 -> 0 | K66: =K64/K65 -> 0 | L66: =L64/L65 -> 0 | M66: =M64/M65 -> 0 | P66: =P64/P65 -> 0 | Q66: =Q64/Q65 -> 0 | R66: =R64/R65 -> 0 | S66: =S64/S65 -> 0 | T66: =T64/T65 -> 0 | W66: =W64/W65 -> 0 | X66: =X64/X65 -> 0 | Y66: =Y64/Y65 -> 0 | Z66: =Z64/Z65 -> 0 | AA66: =AA64/AA65 -> 0 | AD66: =AD64/AD65 -> 0 | AE66: =AE64/AE65 -> 0 | AF66: =AF64/AF65 -> 0
A70: LAND ROVER RODEZ | B70: 1 | C70: 2 | D70: 3 | E70: 4 | F70: 5 | G70: 6 | H70: 7 | I70: 8 | J70: 9 | K70: 10 | L70: 11 | M70: 12 | N70: 13 | O70: 14 | P70: 15 | Q70: 16 | R70: 17 | S70: 18 | T70: 19 | U70: 20 | V70: 21 | W70: 22 | X70: 23 | Y70: 24 | Z70: 25 | AA70: 26 | AB70: 27 | AC70: 28 | AD70: 29 | AE70: 30 | AF70: 31
A71: CA REALISE (CLIENT CESSION GARANTIE)
A72: OBJECTIF | B72: 861 | C72: =B72+861 -> 1722 | D72: =C72+861 -> 2583 | E72: =D72+861 -> 3444 | F72: =E72+861 -> 4305 | I72: =F72+861 -> 5166 | J72: =I72+861 -> 6027 | K72: =J72+861 -> 6888 | L72: =K72+861 -> 7749 | M72: =L72+861 -> 8610 | P72: =M72+861 -> 9471 | Q72: =P72+861 -> 10332 | R72: =Q72+861 -> 11193 | S72: =R72+861 -> 12054 | T72: =S72+861 -> 12915 | W72: =T72+861 -> 13776 | X72: =W72+861 -> 14637 | Y72: =X72+861 -> 15498 | Z72: =Y72+861 -> 16359 | AA72: =Z72+861 -> 17220 | AD72: =AA72+861 -> 18081 | AE72: =AD72+861 -> 18942 | AF72: =AE72+861 -> 19803
A73: % DE REALISATION | B73: =B71/B72 -> 0 | C73: =C71/C72 -> 0 | D73: =D71/D72 -> 0 | E73: =E71/E72 -> 0 | F73: =F71/F72 -> 0 | I73: =I71/I72 -> 0 | J73: =J71/J72 -> 0 | K73: =K71/K72 -> 0 | L73: =L71/L72 -> 0 | M73: =M71/M72 -> 0 | P73: =P71/P72 -> 0 | Q73: =Q71/Q72 -> 0 | R73: =R71/R72 -> 0 | S73: =S71/S72 -> 0 | T73: =T71/T72 -> 0 | W73: =W71/W72 -> 0 | X73: =X71/X72 -> 0 | Y73: =Y71/Y72 -> 0 | Z73: =Z71/Z72 -> 0 | AA73: =AA71/AA72 -> 0 | AD73: =AD71/AD72 -> 0 | AE73: =AE71/AE72 -> 0 | AF73: =AF71/AF72 -> 0

Sheet Novembre 2018
C1: Suivi objectif réalisation CA par atelier
AF3: =21 -> 21
S5: 5188
A7: GRIM PASSION LATTES | B7: 1 | C7: 2 | D7: 3 | E7: 4 | F7: 5 | G7: 6 | H7: 7 | I7: 8 | J7: 9 | K7: 10 | L7: 11 | M7: 12 | N7: 13 | O7: 14 | P7: 15 | Q7: 16 | R7: 17 | S7: 18 | T7: 19 | U7: 20 | V7: 21 | W7: 22 | X7: 23 | Y7: 24 | Z7: 25 | AA7: 26 | AB7: 27 | AC7: 28 | AD7: 29 | AE7: 30
A8: CA REALISE (CLIENT CESSION GARANTIE)
A9: OBJECTIF | C9: 5856 | F9: =C9+5856 -> 11712 | G9: =F9+5856 -> 17568 | H9: =G9+5856 -> 23424 | I9: =H9+5856 -> 29280 | J9: =I9+5856 -> 35136 | M9: =J9+5856 -> 40992 | N9: =M9+5856 -> 46848 | O9: =N9+5856 -> 52704 | P9: =O9+5856 -> 58560 | Q9: =P9+5856 -> 64416 | T9: =Q9+5856 -> 70272 | U9: =T9+5856 -> 76128 | V9: =U9+5856 -> 81984 | W9: =V9+5856 -> 87840 | X9: =W9+5856 -> 93696 | AA9: =X9+5856 -> 99552 | AB9: =AA9+5856 -> 105408 | AC9: =AB9+5856 -> 111264 | AD9: =AC9+5856 -> 117120 | AE9: =AD9+5856 -> 122976
A10: % DE REALISATION | C10: =C8/C9 -> 0 | F10: =F8/F9 -> 0 | G10: =G8/G9 -> 0 | H10: =H8/H9 -> 0 | I10: =I8/I9 -> 0 | J10: =J8/J9 -> 0 | M10: =M8/M9 -> 0 | N10: =N8/N9 -> 0 | O10: =O8/O9 -> 0 | P10: =P8/P9 -> 0 | Q10: =Q8/Q9 -> 0 | T10: =T8/T9 -> 0 | U10: =U8/U9 -> 0 | V10: =V8/V9 -> 0 | W10: =W8/W9 -> 0 | X10: =X8/X9 -> 0 | AA10: =AA8/AA9 -> 0 | AB10: =AB8/AB9 -> 0 | AC10: =AC8/AC9 -> 0 | AD10: =AD8/AD9 -> 0 | AE10: =AE8/AE9 -> 0
A14: GRIM PASSION PEROLS | B14: 1 | C14: 2 | D14: 3 | E14: 4 | F14: 5 | G14: 6 | H14: 7 | I14: 8 | J14: 9 | K14: 10 | L14: 11 | M14: 12 | N14: 13 | O14: 14 | P14: 15 | Q14: 16 | R14: 17 | S14: 18 | T14: 19 | U14: 20 | V14: 21 | W14: 22 | X14: 23 | Y14: 24 | Z14: 25 | AA14: 26 | AB14: 27 | AC14: 28 | AD14: 29 | AE14: 30
A15: CA REALISE (CLIENT CESSION GARANTIE)
A16: OBJECTIF | C16: 792 | F16: =C16+792 -> 1584 | G16: =F16+792 -> 2376 | H16: =G16+792 -> 3168 | I16: =H16+792 -> 3960 | J16: =I16+792 -> 4752 | M16: =J16+792 -> 5544 | N16: =M16+792 -> 6336 | O16: =N16+792 -> 7128 | P16: =O16+792 -> 7920 | Q16: =P16+792 -> 8712 | T16: =Q16+792 -> 9504 | U16: =T16+792 -> 10296 | V16: =U16+792 -> 11088 | W16: =V16+792 -> 11880 | X16: =W16+792 -> 12672 | AA16: =X16+792 -> 13464 | AB16: =AA16+792 -> 14256 | AC16: =AB16+792 -> 15048 | AD16: =AC16+792 -> 15840 | AE16: =AD16+792 -> 16632
A17: % DE REALISATION | C17: =C15/C16 -> 0 | F17: =F15/F16 -> 0 | G17: =G15/G16 -> 0 | H17: =H15/H16 -> 0 | I17: =I15/I16 -> 0 | J17: =J15/J16 -> 0 | M17: =M15/M16 -> 0 | N17: =N15/N16 -> 0 | O17: =O15/O16 -> 0 | P17: =P15/P16 -> 0 | Q17: =Q15/Q16 -> 0 | T17: =T15/T16 -> 0 | U17: =U15/U16 -> 0 | V17: =V15/V16 -> 0 | W17: =W15/W16 -> 0 | X17: =X15/X16 -> 0 | AA17: =AA15/AA16 -> 0 | AB17: =AB15/AB16 -> 0 | AC17: =AC15/AC16 -> 0 | AD17: =AD15/AD16 -> 0 | AE17: =AE15/AE16 -> 0
A21: PRESTIGE AUTO MONTPELLIER | B21: 1 | C21: 2 | D21: 3 | E21: 4 | F21: 5 | G21: 6 | H21: 7 | I21: 8 | J21: 9 | K21: 10 | L21: 11 | M21: 12 | N21: 13 | O21: 14 | P21: 15 | Q21: 16 | R21: 17 | S21: 18 | T21: 19 | U21: 20 | V21: 21 | W21: 22 | X21: 23 | Y21: 24 | Z21: 25 | AA21: 26 | AB21: 27 | AC21: 28 | AD21: 29 | AE21: 30
A22: CA REALISE (CLIENT CESSION GARANTIE)
A23: OBJECTIF | C23: 2877 | F23: =C23+2877 -> 5754 | G23: =F23+2877 -> 8631 | H23: =G23+2877 -> 11508 | I23: =H23+2877 -> 14385 | J23: =I23+2877 -> 17262 | M23: =J23+2877 -> 20139 | N23: =M23+2877 -> 23016 | O23: =N23+2877 -> 25893 | P23: =O23+2877 -> 28770 | Q23: =P23+2877 -> 31647 | T23: =Q23+2877 -> 34524 | U23: =T23+2877 -> 37401 | V23: =U23+2877 -> 40278 | W23: =V23+2877 -> 43155 | X23: =W23+2877 -> 46032 | AA23: =X23+2877 -> 48909 | AB23: =AA23+2877 -> 51786 | AC23: =AB23+2877 -> 54663 | AD23: =AC23+2877 -> 57540 | AE23: =AD23+2877 -> 60417
A24: % DE REALISATION | C24: =C22/C23 -> 0 | F24: =F22/F23 -> 0 | G24: =G22/G23 -> 0 | H24: =H22/H23 -> 0 | I24: =I22/I23 -> 0 | J24: =J22/J23 -> 0 | M24: =M22/M23 -> 0 | N24: =N22/N23 -> 0 | O24: =O22/O23 -> 0 | P24: =P22/P23 -> 0 | Q24: =Q22/Q23 -> 0 | T24: =T22/T23 -> 0 | U24: =U22/U23 -> 0 | V24: =V22/V23 -> 0 | W24: =W22/W23 -> 0 | X24: =X22/X23 -> 0 | AA24: =AA22/AA23 -> 0 | AB24: =AB22/AB23 -> 0 | AC24: =AC22/AC23 -> 0 | AD24: =AD22/AD23 -> 0 | AE24: =AE22/AE23 -> 0
A28: PRESTIGE AUTO NIMES | B28: 1 | C28: 2 | D28: 3 | E28: 4 | F28: 5 | G28: 6 | H28: 7 | I28: 8 | J28: 9 | K28: 10 | L28: 11 | M28: 12 | N28: 13 | O28: 14 | P28: 15 | Q28: 16 | R28: 17 | S28: 18 | T28: 19 | U28: 20 | V28: 21 | W28: 22 | X28: 23 | Y28: 24 | Z28: 25 | AA28: 26 | AB28: 27 | AC28: 28 | AD28: 29 | AE28: 30
A29: CA REALISE (CLIENT CESSION GARANTIE)
A30: OBJECTIF | C30: 1770 | F30: =C30+1770 -> 3540 | G30: =F30+1770 -> 5310 | H30: =G30+1770 -> 7080 | I30: =H30+1770 -> 8850 | J30: =I30+1770 -> 10620 | M30: =J30+1770 -> 12390 | N30: =M30+1770 -> 14160 | O30: =N30+1770 -> 15930 | P30: =O30+1770 -> 17700 | Q30: =P30+1770 -> 19470 | T30: =Q30+1770 -> 21240 | U30: =T30+1770 -> 23010 | V30: =U30+1770 -> 24780 | W30: =V30+1770 -> 26550 | X30: =W30+1770 -> 28320 | AA30: =X30+1770 -> 30090 | AB30: =AA30+1770 -> 31860 | AC30: =AB30+1770 -> 33630 | AD30: =AC30+1770 -> 35400 | AE30: =AD30+1770 -> 37170
A31: % DE REALISATION | C31: =C29/C30 -> 0 | F31: =F29/F30 -> 0 | G31: =G29/G30 -> 0 | H31: =H29/H30 -> 0 | I31: =I29/I30 -> 0 | J31: =J29/J30 -> 0 | M31: =M29/M30 -> 0 | N31: =N29/N30 -> 0 | O31: =O29/O30 -> 0 | P31: =P29/P30 -> 0 | Q31: =Q29/Q30 -> 0 | T31: =T29/T30 -> 0 | U31: =U29/U30 -> 0 | V31: =V29/V30 -> 0 | W31: =W29/W30 -> 0 | X31: =X29/X30 -> 0 | AA31: =AA29/AA30 -> 0 | AB31: =AB29/AB30 -> 0 | AC31: =AC29/AC30 -> 0 | AD31: =AD29/AD30 -> 0 | AE31: =AE29/AE30 -> 0
A35: FORD LATTES | B35: 1 | C35: 2 | D35: 3 | E35: 4 | F35: 5 | G35: 6 | H35: 7 | I35: 8 | J35: 9 | K35: 10 | L35: 11 | M35: 12 | N35: 13 | O35: 14 | P35: 15 | Q35: 16 | R35: 17 | S35: 18 | T35: 19 | U35: 20 | V35: 21 | W35: 22 | X35: 23 | Y35: 24 | Z35: 25 | AA35: 26 | AB35: 27 | AC35: 28 | AD35: 29 | AE35: 30
A36: CA REALISE (CLIENT CESSION GARANTIE)
A37: OBJECTIF | C37: 3262 | F37: =C37+3262 -> 6524 | G37: =F37+3262 -> 9786 | H37: =G37+3262 -> 13048 | I37: =H37+3262 -> 16310 | J37: =I37+3262 -> 19572 | M37: =J37+3262 -> 22834 | N37: =M37+3262 -> 26096 | O37: =N37+3262 -> 29358 | P37: =O37+3262 -> 32620 | Q37: =P37+3262 -> 35882 | T37: =Q37+3262 -> 39144 | U37: =T37+3262 -> 42406 | V37: =U37+3262 -> 45668 | W37: =V37+3262 -> 48930 | X37: =W37+3262 -> 52192 | AA37: =X37+3262 -> 55454 | AB37: =AA37+3262 -> 58716 | AC37: =AB37+3262 -> 61978 | AD37: =AC37+3262 -> 65240 | AE37: =AD37+3262 -> 68502
A38: % DE REALISATION | C38: =C36/C37 -> 0 | F38: =F36/F37 -> 0 | G38: =G36/G37 -> 0 | H38: =H36/H37 -> 0 | I38: =I36/I37 -> 0 | J38: =J36/J37 -> 0 | M38: =M36/M37 -> 0 | N38: =N36/N37 -> 0 | O38: =O36/O37 -> 0 | P38: =P36/P37 -> 0 | Q38: =Q36/Q37 -> 0 | T38: =T36/T37 -> 0 | U38: =U36/U37 -> 0 | V38: =V36/V37 -> 0 | W38: =W36/W37 -> 0 | X38: =X36/X37 -> 0 | AA38: =AA36/AA37 -> 0 | AB38: =AB36/AB37 -> 0 | AC38: =AC36/AC37 -> 0 | AD38: =AD36/AD37 -> 0 | AE38: =AE36/AE37 -> 0
A42: FORD PEROLS | B42: 1 | C42: 2 | D42: 3 | E42: 4 | F42: 5 | G42: 6 | H42: 7 | I42: 8 | J42: 9 | K42: 10 | L42: 11 | M42: 12 | N42: 13 | O42: 14 | P42: 15 | Q42: 16 | R42: 17 | S42: 18 | T42: 19 | U42: 20 | V42: 21 | W42: 22 | X42: 23 | Y42: 24 | Z42: 25 | AA42: 26 | AB42: 27 | AC42: 28 | AD42: 29 | AE42: 30
A43: CA REALISE (CLIENT CESSION GARANTIE)
A44: OBJECTIF | C44: =731 -> 731 | F44: =C44+731 -> 1462 | G44: =F44+731 -> 2193 | H44: =G44+731 -> 2924 | I44: =H44+731 -> 3655 | J44: =I44+731 -> 4386 | M44: =J44+731 -> 5117 | N44: =M44+731 -> 5848 | O44: =N44+731 -> 6579 | P44: =O44+731 -> 7310 | Q44: =P44+731 -> 8041 | T44: =Q44+731 -> 8772 | U44: =T44+731 -> 9503 | V44: =U44+731 -> 10234 | W44: =V44+731 -> 10965 | X44: =W44+731 -> 11696 | AA44: =X44+731 -> 12427 | AB44: =AA44+731 -> 13158 | AC44: =AB44+731 -> 13889 | AD44: =AC44+731 -> 14620 | AE44: =AD44+731 -> 15351
A45: % DE REALISATION | C45: =C43/C44 -> 0 | F45: =F43/F44 -> 0 | G45: =G43/G44 -> 0 | H45: =H43/H44 -> 0 | I45: =I43/I44 -> 0 | J45: =J43/J44 -> 0 | M45: =M43/M44 -> 0 | N45: =N43/N44 -> 0 | O45: =O43/O44 -> 0 | P45: =P43/P44 -> 0 | Q45: =Q43/Q44 -> 0 | T45: =T43/T44 -> 0 | U45: =U43/U44 -> 0 | V45: =V43/V44 -> 0 | W45: =W43/W44 -> 0 | X45: =X43/X44 -> 0 | AA45: =AA43/AA44 -> 0 | AB45: =AB43/AB44 -> 0 | AC45: =AC43/AC44 -> 0 | AD45: =AD43/AD44 -> 0 | AE45: =AE43/AE44 -> 0
A48: SETE | B48: 1 | C48: 2 | D48: 3 | E48: 4 | F48: 5 | G48: 6 | H48: 7 | I48: 8 | J48: 9 | K48: 10 | L48: 11 | M48: 12 | N48: 13 | O48: 14 | P48: 15 | Q48: 16 | R48: 17 | S48: 18 | T48: 19 | U48: 20 | V48: 21 | W48: 22 | X48: 23 | Y48: 24 | Z48: 25 | AA48: 26 | AB48: 27 | AC48: 28 | AD48: 29 | AE48: 30
A49: CA REALISE (CLIENT CESSION GARANTIE)
A50: OBJECTIF | C50: 515 | F50: =C50+515 -> 1030 | G50: =F50+515 -> 1545 | H50: =G50+515 -> 2060 | I50: =H50+515 -> 2575 | J50: =I50+515 -> 3090 | M50: =J50+515 -> 3605 | N50: =M50+515 -> 4120 | O50: =N50+515 -> 4635 | P50: =O50+515 -> 5150 | Q50: =P50+515 -> 5665 | T50: =Q50+515 -> 6180 | U50: =T50+515 -> 6695 | V50: =U50+515 -> 7210 | W50: =V50+515 -> 7725 | X50: =W50+515 -> 8240 | AA50: =X50+561 -> 8801 | AB50: =AA50+561 -> 9362 | AC50: =AB50+561 -> 9923 | AD50: =AC50+561 -> 10484 | AE50: =AD50+561 -> 11045
A51: % DE REALISATION | C51: =C49/C50 -> 0 | F51: =F49/F50 -> 0 | G51: =G49/G50 -> 0 | H51: =H49/H50 -> 0 | I51: =I49/I50 -> 0 | J51: =J49/J50 -> 0 | M51: =M49/M50 -> 0 | N51: =N49/N50 -> 0 | O51: =O49/O50 -> 0 | P51: =P49/P50 -> 0 | Q51: =Q49/Q50 -> 0 | T51: =T49/T50 -> 0 | U51: =U49/U50 -> 0 | V51: =V49/V50 -> 0 | W51: =W49/W50 -> 0 | X51: =X49/X50 -> 0 | AA51: =AA49/AA50 -> 0 | AB51: =AB49/AB50 -> 0 | AC51: =AC49/AC50 -> 0 | AD51: =AD49/AD50 -> 0 | AE51: =AE49/AE50 -> 0
A56: CARROSSERIE ST JEAN DE VEDAS | B56: 1 | C56: 2 | D56: 3 | E56: 4 | F56: 5 | G56: 6 | H56: 7 | I56: 8 | J56: 9 | K56: 10 | L56: 11 | M56: 12 | N56: 13 | O56: 14 | P56: 15 | Q56: 16 | R56: 17 | S56: 18 | T56: 19 | U56: 20 | V56: 21 | W56: 22 | X56: 23 | Y56: 24 | Z56: 25 | AA56: 26 | AB56: 27 | AC56: 28 | AD56: 29 | AE56: 30
A57: CA REALISE (CLIENT CESSION GARANTIE)
A58: OBJECTIF | C58: 2004 | F58: =C58+2004 -> 4008 | G58: =F58+2004 -> 6012 | H58: =G58+2004 -> 8016 | I58: =H58+2004 -> 10020 | J58: =I58+2004 -> 12024 | M58: =J58+2004 -> 14028 | N58: =M58+2004 -> 16032 | O58: =N58+2004 -> 18036 | P58: =O58+2004 -> 20040 | Q58: =P58+2004 -> 22044 | T58: =Q58+2004 -> 24048 | U58: =T58+2004 -> 26052 | V58: =U58+2004 -> 28056 | W58: =V58+2004 -> 30060 | X58: =W58+2004 -> 32064 | AA58: =X58+2004 -> 34068 | AB58: =AA58+2004 -> 36072 | AC58: =AB58+2004 -> 38076 | AD58: =AC58+2004 -> 40080 | AE58: =AD58+2004 -> 42084
A59: % DE REALISATION | C59: =C57/C58 -> 0 | F59: =F57/F58 -> 0 | G59: =G57/G58 -> 0 | H59: =H57/H58 -> 0 | I59: =I57/I58 -> 0 | J59: =J57/J58 -> 0 | M59: =M57/M58 -> 0 | N59: =N57/N58 -> 0 | O59: =O57/O58 -> 0 | P59: =P57/P58 -> 0 | Q59: =Q57/Q58 -> 0 | T59: =T57/T58 -> 0 | U59: =U57/U58 -> 0 | V59: =V57/V58 -> 0 | W59: =W57/W58 -> 0 | X59: =X57/X58 -> 0 | AA59: =AA57/AA58 -> 0 | AB59: =AB57/AB58 -> 0 | AC59: =AC57/AC58 -> 0 | AD59: =AD57/AD58 -> 0 | AE59: =AE57/AE58 -> 0
A63: FORD RODEZ | B63: 1 | C63: 2 | D63: 3 | E63: 4 | F63: 5 | G63: 6 | H63: 7 | I63: 8 | J63: 9 | K63: 10 | L63: 11 | M63: 12 | N63: 13 | O63: 14 | P63: 15 | Q63: 16 | R63: 17 | S63: 18 | T63: 19 | U63: 20 | V63: 21 | W63: 22 | X63: 23 | Y63: 24 | Z63: 25 | AA63: 26 | AB63: 27 | AC63: 28 | AD63: 29 | AE63: 30
A64: CA REALISE (CLIENT CESSION GARANTIE)
A65: OBJECTIF | C65: 913 | F65: =C65+913 -> 1826 | G65: =F65+913 -> 2739 | H65: =G65+913 -> 3652 | I65: =H65+913 -> 4565 | J65: =I65+913 -> 5478 | M65: =J65+913 -> 6391 | N65: =M65+913 -> 7304 | O65: =N65+913 -> 8217 | P65: =O65+913 -> 9130 | Q65: =P65+913 -> 10043 | T65: =Q65+913 -> 10956 | U65: =T65+913 -> 11869 | V65: =U65+913 -> 12782 | W65: =V65+913 -> 13695 | X65: =W65+913 -> 14608 | AA65: =X65+913 -> 15521 | AB65: =AA65+913 -> 16434 | AC65: =AB65+913 -> 17347 | AD65: =AC65+913 -> 18260 | AE65: =AD65+913 -> 19173
A66: % DE REALISATION | C66: =C64/C65 -> 0 | F66: =F64/F65 -> 0 | G66: =G64/G65 -> 0 | H66: =H64/H65 -> 0 | I66: =I64/I65 -> 0 | J66: =J64/J65 -> 0 | M66: =M64/M65 -> 0 | N66: =N64/N65 -> 0 | O66: =O64/O65 -> 0 | P66: =P64/P65 -> 0 | Q66: =Q64/Q65 -> 0 | T66: =T64/T65 -> 0 | U66: =U64/U65 -> 0 | V66: =V64/V65 -> 0 | W66: =W64/W65 -> 0 | X66: =X64/X65 -> 0 | AA66: =AA64/AA65 -> 0 | AB66: =AB64/AB65 -> 0 | AC66: =AC64/AC65 -> 0 | AD66: =AD64/AD65 -> 0 | AE66: =AE64/AE65 -> 0
A70: LAND ROVER RODEZ | B70: 1 | C70: 2 | D70: 3 | E70: 4 | F70: 5 | G70: 6 | H70: 7 | I70: 8 | J70: 9 | K70: 10 | L70: 11 | M70: 12 | N70: 13 | O70: 14 | P70: 15 | Q70: 16 | R70: 17 | S70: 18 | T70: 19 | U70: 20 | V70: 21 | W70: 22 | X70: 23 | Y70: 24 | Z70: 25 | AA70: 26 | AB70: 27 | AC70: 28 | AD70: 29 | AE70: 30
A71: CA REALISE (CLIENT CESSION GARANTIE)
A72: OBJECTIF | C72: 861 | F72: =C72+861 -> 1722 | G72: =F72+861 -> 2583 | H72: =G72+861 -> 3444 | I72: =H72+861 -> 4305 | J72: =I72+861 -> 5166 | M72: =J72+861 -> 6027 | N72: =M72+861 -> 6888 | O72: =N72+861 -> 7749 | P72: =O72+861 -> 8610 | Q72: =P72+861 -> 9471 | T72: =Q72+861 -> 10332 | U72: =T72+861 -> 11193 | V72: =U72+861 -> 12054 | W72: =V72+861 -> 12915 | X72: =W72+861 -> 13776 | AA72: =X72+861 -> 14637 | AB72: =AA72+861 -> 15498 | AC72: =AB72+861 -> 16359 | AD72: =AC72+861 -> 17220 | AE72: =AD72+861 -> 18081
A73: % DE REALISATION | C73: =C71/C72 -> 0 | F73: =F71/F72 -> 0 | G73: =G71/G72 -> 0 | H73: =H71/H72 -> 0 | I73: =I71/I72 -> 0 | J73: =J71/J72 -> 0 | M73: =M71/M72 -> 0 | N73: =N71/N72 -> 0 | O73: =O71/O72 -> 0 | P73: =P71/P72 -> 0 | Q73: =Q71/Q72 -> 0 | T73: =T71/T72 -> 0 | U73: =U71/U72 -> 0 | V73: =V71/V72 -> 0 | W73: =W71/W72 -> 0 | X73: =X71/X72 -> 0 | AA73: =AA71/AA72 -> 0 | AB73: =AB71/AB72 -> 0 | AC73: =AC71/AC72 -> 0 | AD73: =AD71/AD72 -> 0 | AE73: =AE71/AE72 -> 0

Sheet Décembre 2018
C1: Suivi objectif réalisation CA par atelier
AG3: =20 -> 20
S5: 5188
A7: GRIM PASSION LATTES | B7: 1 | C7: 2 | D7: 3 | E7: 4 | F7: 5 | G7: 6 | H7: 7 | I7: 8 | J7: 9 | K7: 10 | L7: 11 | M7: 12 | N7: 13 | O7: 14 | P7: 15 | Q7: 16 | R7: 17 | S7: 18 | T7: 19 | U7: 20 | V7: 21 | W7: 22 | X7: 23 | Y7: 24 | Z7: 25 | AA7: 26 | AB7: 27 | AC7: 28 | AD7: 29 | AE7: 30 | AF7: 31
A8: CA REALISE (CLIENT CESSION GARANTIE)
A9: OBJECTIF | D9: 5856 | E9: =D9+5856 -> 11712 | F9: =E9+5856 -> 17568 | G9: =F9+5856 -> 23424 | H9: =G9+5856 -> 29280 | K9: =H9+5856 -> 35136 | L9: =K9+5856 -> 40992 | M9: =L9+5856 -> 46848 | N9: =M9+5856 -> 52704 | O9: =N9+5856 -> 58560 | R9: =O9+5856 -> 64416 | S9: =R9+5856 -> 70272 | T9: =S9+5856 -> 76128 | U9: =T9+5856 -> 81984 | V9: =U9+5856 -> 87840 | Y9: =V9+5856 -> 93696 | AA9: =Y9+5856 -> 99552 | AB9: =AA9+5856 -> 105408 | AC9: =AB9+5856 -> 111264 | AF9: =AC9+5856 -> 117120
A10: % DE REALISATION | D10: =D8/D9 -> 0 | E10: =E8/E9 -> 0 | F10: =F8/F9 -> 0 | G10: =G8/G9 -> 0 | H10: =H8/H9 -> 0 | K10: =K8/K9 -> 0 | L10: =L8/L9 -> 0 | M10: =M8/M9 -> 0 | N10: =N8/N9 -> 0 | O10: =O8/O9 -> 0 | R10: =R8/R9 -> 0 | S10: =S8/S9 -> 0 | T10: =T8/T9 -> 0 | U10: =U8/U9 -> 0 | V10: =V8/V9 -> 0 | Y10: =Y8/Y9 -> 0 | AA10: =AA8/AA9 -> 0 | AB10: =AB8/AB9 -> 0 | AC10: =AC8/AC9 -> 0 | AF10: =AF8/AF9 -> 0
A14: GRIM PASSION PEROLS | B14: 1 | C14: 2 | D14: 3 | E14: 4 | F14: 5 | G14: 6 | H14: 7 | I14: 8 | J14: 9 | K14: 10 | L14: 11 | M14: 12 | N14: 13 | O14: 14 | P14: 15 | Q14: 16 | R14: 17 | S14: 18 | T14: 19 | U14: 20 | V14: 21 | W14: 22 | X14: 23 | Y14: 24 | Z14: 25 | AA14: 26 | AB14: 27 | AC14: 28 | AD14: 29 | AE14: 30 | AF14: 31
A15: CA REALISE (CLIENT CESSION GARANTIE)
A16: OBJECTIF | D16: 792 | E16: =D16+792 -> 1584 | F16: =E16+792 -> 2376 | G16: =F16+792 -> 3168 | H16: =G16+792 -> 3960 | K16: =H16+792 -> 4752 | L16: =K16+792 -> 5544 | M16: =L16+792 -> 6336 | N16: =M16+792 -> 7128 | O16: =N16+792 -> 7920 | R16: =O16+792 -> 8712 | S16: =R16+792 -> 9504 | T16: =S16+792 -> 10296 | U16: =T16+792 -> 11088 | V16: =U16+792 -> 11880 | Y16: =V16+792 -> 12672 | AA16: =Y16+792 -> 13464 | AB16: =AA16+792 -> 14256 | AC16: =AB16+792 -> 15048 | AF16: =AC16+792 -> 15840
A17: % DE REALISATION | D17: =D15/D16 -> 0 | E17: =E15/E16 -> 0 | F17: =F15/F16 -> 0 | G17: =G15/G16 -> 0 | H17: =H15/H16 -> 0 | K17: =K15/K16 -> 0 | L17: =L15/L16 -> 0 | M17: =M15/M16 -> 0 | N17: =N15/N16 -> 0 | O17: =O15/O16 -> 0 | R17: =R15/R16 -> 0 | S17: =S15/S16 -> 0 | T17: =T15/T16 -> 0 | U17: =U15/U16 -> 0 | V17: =V15/V16 -> 0 | Y17: =Y15/Y16 -> 0 | AA17: =AA15/AA16 -> 0 | AB17: =AB15/AB16 -> 0 | AC17: =AC15/AC16 -> 0 | AF17: =AF15/AF16 -> 0
AH18: =AG3+'Novembre 2018'!AF3+'Octobre 2018'!AH3+'Septembre 2018'!AG3+'Aout 2018'!AG4+'Juillet 2018'!AH4+'Juin 2018'!AG3+'Mai 2018'!AG3+'Avril 2018'!AG4+'Mars 2018'!AH4+'Février 2018'!AE4+'Janvier 2018'!AH3 -> 252
A21: PRESTIGE AUTO MONTPELLIER | B21: 1 | C21: 2 | D21: 3 | E21: 4 | F21: 5 | G21: 6 | H21: 7 | I21: 8 | J21: 9 | K21: 10 | L21: 11 | M21: 12 | N21: 13 | O21: 14 | P21: 15 | Q21: 16 | R21: 17 | S21: 18 | T21: 19 | U21: 20 | V21: 21 | W21: 22 | X21: 23 | Y21: 24 | Z21: 25 | AA21: 26 | AB21: 27 | AC21: 28 | AD21: 29 | AE21: 30 | AF21: 31 | AH21: =AH18-5-14 -> 233
A22: CA REALISE (CLIENT CESSION GARANTIE)
A23: OBJECTIF | D23: 2877 | E23: =D23+2877 -> 5754 | F23: =E23+2877 -> 8631 | G23: =F23+2877 -> 11508 | H23: =G23+2877 -> 14385 | K23: =H23+2877 -> 17262 | L23: =K23+2877 -> 20139 | M23: =L23+2877 -> 23016 | N23: =M23+2877 -> 25893 | O23: =N23+2877 -> 28770 | R23: =O23+2877 -> 31647 | S23: =R23+2877 -> 34524 | T23: =S23+2877 -> 37401 | U23: =T23+2877 -> 40278 | V23: =U23+2877 -> 43155 | Y23: =V23+2877 -> 46032 | AA23: =Y23+2877 -> 48909 | AB23: =AA23+2877 -> 51786 | AC23: =AB23+2877 -> 54663 | AF23: =AC23+2877 -> 57540
A24: % DE REALISATION | D24: =D22/D23 -> 0 | E24: =E22/E23 -> 0 | F24: =F22/F23 -> 0 | G24: =G22/G23 -> 0 | H24: =H22/H23 -> 0 | K24: =K22/K23 -> 0 | L24: =L22/L23 -> 0 | M24: =M22/M23 -> 0 | N24: =N22/N23 -> 0 | O24: =O22/O23 -> 0 | R24: =R22/R23 -> 0 | S24: =S22/S23 -> 0 | T24: =T22/T23 -> 0 | U24: =U22/U23 -> 0 | V24: =V22/V23 -> 0 | Y24: =Y22/Y23 -> 0 | AA24: =AA22/AA23 -> 0 | AB24: =AB22/AB23 -> 0 | AC24: =AC22/AC23 -> 0 | AF24: =AF22/AF23 -> 0
A28: PRESTIGE AUTO NIMES | B28: 1 | C28: 2 | D28: 3 | E28: 4 | F28: 5 | G28: 6 | H28: 7 | I28: 8 | J28: 9 | K28: 10 | L28: 11 | M28: 12 | N28: 13 | O28: 14 | P28: 15 | Q28: 16 | R28: 17 | S28: 18 | T28: 19 | U28: 20 | V28: 21 | W28: 22 | X28: 23 | Y28: 24 | Z28: 25 | AA28: 26 | AB28: 27 | AC28: 28 | AD28: 29 | AE28: 30 | AF28: 31
A29: CA REALISE (CLIENT CESSION GARANTIE)
A30: OBJECTIF | D30: 1770 | E30: =D30+1770 -> 3540 | F30: =E30+1770 -> 5310 | G30: =F30+1770 -> 7080 | H30: =G30+1770 -> 8850 | K30: =H30+1770 -> 10620 | L30: =K30+1770 -> 12390 | M30: =L30+1770 -> 14160 | N30: =M30+1770 -> 15930 | O30: =N30+1770 -> 17700 | R30: =O30+1770 -> 19470 | S30: =R30+1770 -> 21240 | T30: =S30+1770 -> 23010 | U30: =T30+1770 -> 24780 | V30: =U30+1770 -> 26550 | Y30: =V30+1770 -> 28320 | AA30: =Y30+1770 -> 30090 | AB30: =AA30+1770 -> 31860 | AC30: =AB30+1770 -> 33630 | AF30: =AC30+1770 -> 35400
A31: % DE REALISATION | D31: =D29/D30 -> 0 | E31: =E29/E30 -> 0 | F31: =F29/F30 -> 0 | G31: =G29/G30 -> 0 | H31: =H29/H30 -> 0 | K31: =K29/K30 -> 0 | L31: =L29/L30 -> 0 | M31: =M29/M30 -> 0 | N31: =N29/N30 -> 0 | O31: =O29/O30 -> 0 | R31: =R29/R30 -> 0 | S31: =S29/S30 -> 0 | T31: =T29/T30 -> 0 | U31: =U29/U30 -> 0 | V31: =V29/V30 -> 0 | Y31: =Y29/Y30 -> 0 | AA31: =AA29/AA30 -> 0 | AB31: =AB29/AB30 -> 0 | AC31: =AC29/AC30 -> 0 | AF31: =AF29/AF30 -> 0
A35: FORD LATTES | B35: 1 | C35: 2 | D35: 3 | E35: 4 | F35: 5 | G35: 6 | H35: 7 | I35: 8 | J35: 9 | K35: 10 | L35: 11 | M35: 12 | N35: 13 | O35: 14 | P35: 15 | Q35: 16 | R35: 17 | S35: 18 | T35: 19 | U35: 20 | V35: 21 | W35: 22 | X35: 23 | Y35: 24 | Z35: 25 | AA35: 26 | AB35: 27 | AC35: 28 | AD35: 29 | AE35: 30 | AF35: 31
A36: CA REALISE (CLIENT CESSION GARANTIE)
A37: OBJECTIF | D37: 3262 | E37: =D37+3262 -> 6524 | F37: =E37+3262 -> 9786 | G37: =F37+3262 -> 13048 | H37: =G37+3262 -> 16310 | K37: =H37+3262 -> 19572 | L37: =K37+3262 -> 22834 | M37: =L37+3262 -> 26096 | N37: =M37+3262 -> 29358 | O37: =N37+3262 -> 32620 | R37: =O37+3262 -> 35882 | S37: =R37+3262 -> 39144 | T37: =S37+3262 -> 42406 | U37: =T37+3262 -> 45668 | V37: =U37+3262 -> 48930 | Y37: =V37+3262 -> 52192 | AA37: =Y37+3262 -> 55454 | AB37: =AA37+3262 -> 58716 | AC37: =AB37+3262 -> 61978 | AF37: =AC37+3262 -> 65240
A38: % DE REALISATION | D38: =D36/D37 -> 0 | E38: =E36/E37 -> 0 | F38: =F36/F37 -> 0 | G38: =G36/G37 -> 0 | H38: =H36/H37 -> 0 | K38: =K36/K37 -> 0 | L38: =L36/L37 -> 0 | M38: =M36/M37 -> 0 | N38: =N36/N37 -> 0 | O38: =O36/O37 -> 0 | R38: =R36/R37 -> 0 | S38: =S36/S37 -> 0 | T38: =T36/T37 -> 0 | U38: =U36/U37 -> 0 | V38: =V36/V37 -> 0 | Y38: =Y36/Y37 -> 0 | AA38: =AA36/AA37 -> 0 | AB38: =AB36/AB37 -> 0 | AC38: =AC36/AC37 -> 0 | AF38: =AF36/AF37 -> 0
A42: FORD PEROLS | B42: 1 | C42: 2 | D42: 3 | E42: 4 | F42: 5 | G42: 6 | H42: 7 | I42: 8 | J42: 9 | K42: 10 | L42: 11 | M42: 12 | N42: 13 | O42: 14 | P42: 15 | Q42: 16 | R42: 17 | S42: 18 | T42: 19 | U42: 20 | V42: 21 | W42: 22 | X42: 23 | Y42: 24 | Z42: 25 | AA42: 26 | AB42: 27 | AC42: 28 | AD42: 29 | AE42: 30 | AF42: 31
A43: CA REALISE (CLIENT CESSION GARANTIE)
A44: OBJECTIF | D44: 731 | E44: =D44+731 -> 1462 | F44: =E44+731 -> 2193 | G44: =F44+731 -> 2924 | H44: =G44+731 -> 3655 | K44: =H44+731 -> 4386 | L44: =K44+731 -> 5117 | M44: =L44+731 -> 5848 | N44: =M44+731 -> 6579 | O44: =N44+731 -> 7310 | R44: =O44+731 -> 8041 | S44: =R44+731 -> 8772 | T44: =S44+731 -> 9503 | U44: =T44+731 -> 10234 | V44: =U44+731 -> 10965 | Y44: =V44+731 -> 11696 | AA44: =Y44+731 -> 12427 | AB44: =AA44+731 -> 13158 | AC44: =AB44+731 -> 13889 | AF44: =AC44+731 -> 14620
A45: % DE REALISATION | D45: =D43/D44 -> 0 | E45: =E43/E44 -> 0 | F45: =F43/F44 -> 0 | G45: =G43/G44 -> 0 | H45: =H43/H44 -> 0 | K45: =K43/K44 -> 0 | L45: =L43/L44 -> 0 | M45: =M43/M44 -> 0 | N45: =N43/N44 -> 0 | O45: =O43/O44 -> 0 | R45: =R43/R44 -> 0 | S45: =S43/S44 -> 0 | T45: =T43/T44 -> 0 | U45: =U43/U44 -> 0 | V45: =V43/V44 -> 0 | Y45: =Y43/Y44 -> 0 | AA45: =AA43/AA44 -> 0 | AB45: =AB43/AB44 -> 0 | AC45: =AC43/AC44 -> 0 | AF45: =AF43/AF44 -> 0
A48: SETE | B48: 1 | C48: 2 | D48: 3 | E48: 4 | F48: 5 | G48: 6 | H48: 7 | I48: 8 | J48: 9 | K48: 10 | L48: 11 | M48: 12 | N48: 13 | O48: 14 | P48: 15 | Q48: 16 | R48: 17 | S48: 18 | T48: 19 | U48: 20 | V48: 21 | W48: 22 | X48: 23 | Y48: 24 | Z48: 25 | AA48: 26 | AB48: 27 | AC48: 28 | AD48: 29 | AE48: 30 | AF48: 31
A49: CA REALISE (CLIENT CESSION GARANTIE)
A50: OBJECTIF | D50: 515 | E50: =D50+515 -> 1030 | F50: =E50+515 -> 1545 | G50: =F50+515 -> 2060 | H50: =G50+515 -> 2575 | K50: =H50+515 -> 3090 | L50: =K50+515 -> 3605 | M50: =L50+515 -> 4120 | N50: =M50+515 -> 4635 | O50: =N50+515 -> 5150 | R50: =O50+515 -> 5665 | S50: =R50+515 -> 6180 | T50: =S50+515 -> 6695 | U50: =T50+515 -> 7210 | V50: =U50+515 -> 7725 | AF50: =V50+515 -> 8240
A51: % DE REALISATION | D51: =D49/D50 -> 0 | E51: =E49/E50 -> 0 | F51: =F49/F50 -> 0 | G51: =G49/G50 -> 0 | H51: =H49/H50 -> 0 | K51: =K49/K50 -> 0 | L51: =L49/L50 -> 0 | M51: =M49/M50 -> 0 | N51: =N49/N50 -> 0 | O51: =O49/O50 -> 0 | R51: =R49/R50 -> 0 | S51: =S49/S50 -> 0 | T51: =T49/T50 -> 0 | U51: =U49/U50 -> 0 | V51: =V49/V50 -> 0 | AF51: =AF49/AF50 -> 0
A56: CARROSSERIE ST JEAN DE VEDAS | B56: 1 | C56: 2 | D56: 3 | E56: 4 | F56: 5 | G56: 6 | H56: 7 | I56: 8 | J56: 9 | K56: 10 | L56: 11 | M56: 12 | N56: 13 | O56: 14 | P56: 15 | Q56: 16 | R56: 17 | S56: 18 | T56: 19 | U56: 20 | V56: 21 | W56: 22 | X56: 23 | Y56: 24 | Z56: 25 | AA56: 26 | AB56: 27 | AC56: 28 | AD56: 29 | AE56: 30 | AF56: 31
A57: CA REALISE (CLIENT CESSION GARANTIE)
A58: OBJECTIF | D58: 2004 | E58: =D58+2004 -> 4008 | F58: =E58+2004 -> 6012 | G58: =F58+2004 -> 8016 | H58: =G58+2004 -> 10020 | K58: =H58+2004 -> 12024 | L58: =K58+2004 -> 14028 | M58: =L58+2004 -> 16032 | N58: =M58+2004 -> 18036 | O58: =N58+2004 -> 20040 | R58: =O58+2004 -> 22044 | S58: =R58+2004 -> 24048 | T58: =S58+2004 -> 26052 | U58: =T58+2004 -> 28056 | V58: =U58+2004 -> 30060 | Y58: =V58+2004 -> 32064 | AA58: =Y58+2004 -> 34068 | AB58: =AA58+2004 -> 36072 | AC58: =AB58+2004 -> 38076 | AF58: =AC58+2004 -> 40080
A59: % DE REALISATION | D59: =D57/D58 -> 0 | E59: =E57/E58 -> 0 | F59: =F57/F58 -> 0 | G59: =G57/G58 -> 0 | H59: =H57/H58 -> 0 | K59: =K57/K58 -> 0 | L59: =L57/L58 -> 0 | M59: =M57/M58 -> 0 | N59: =N57/N58 -> 0 | O59: =O57/O58 -> 0 | R59: =R57/R58 -> 0 | S59: =S57/S58 -> 0 | T59: =T57/T58 -> 0 | U59: =U57/U58 -> 0 | V59: =V57/V58 -> 0 | Y59: =Y57/Y58 -> 0 | AA59: =AA57/AA58 -> 0 | AB59: =AB57/AB58 -> 0 | AC59: =AC57/AC58 -> 0 | AF59: =AF57/AF58 -> 0
A63: FORD RODEZ | B63: 1 | C63: 2 | D63: 3 | E63: 4 | F63: 5 | G63: 6 | H63: 7 | I63: 8 | J63: 9 | K63: 10 | L63: 11 | M63: 12 | N63: 13 | O63: 14 | P63: 15 | Q63: 16 | R63: 17 | S63: 18 | T63: 19 | U63: 20 | V63: 21 | W63: 22 | X63: 23 | Y63: 24 | Z63: 25 | AA63: 26 | AB63: 27 | AC63: 28 | AD63: 29 | AE63: 30 | AF63: 31
A64: CA REALISE (CLIENT CESSION GARANTIE)
A65: OBJECTIF | D65: 913 | E65: =D65+913 -> 1826 | F65: =E65+913 -> 2739 | G65: =F65+913 -> 3652 | H65: =G65+913 -> 4565 | K65: =H65+913 -> 5478 | L65: =K65+913 -> 6391 | M65: =L65+913 -> 7304 | N65: =M65+913 -> 8217 | O65: =N65+913 -> 9130 | R65: =O65+913 -> 10043 | S65: =R65+913 -> 10956 | T65: =S65+913 -> 11869 | U65: =T65+913 -> 12782 | V65: =U65+913 -> 13695 | Y65: =V65+913 -> 14608 | AA65: =Y65+913 -> 15521 | AB65: =AA65+913 -> 16434 | AC65: =AB65+913 -> 17347 | AF65: =AC65+912 -> 18259
A66: % DE REALISATION | D66: =D64/D65 -> 0 | E66: =E64/E65 -> 0 | F66: =F64/F65 -> 0 | G66: =G64/G65 -> 0 | H66: =H64/H65 -> 0 | K66: =K64/K65 -> 0 | L66: =L64/L65 -> 0 | M66: =M64/M65 -> 0 | N66: =N64/N65 -> 0 | O66: =O64/O65 -> 0 | R66: =R64/R65 -> 0 | S66: =S64/S65 -> 0 | T66: =T64/T65 -> 0 | U66: =U64/U65 -> 0 | V66: =V64/V65 -> 0 | Y66: =Y64/Y65 -> 0 | AA66: =AA64/AA65 -> 0 | AB66: =AB64/AB65 -> 0 | AC66: =AC64/AC65 -> 0 | AF66: =AF64/AF65 -> 0
A70: LAND ROVER RODEZ | B70: 1 | C70: 2 | D70: 3 | E70: 4 | F70: 5 | G70: 6 | H70: 7 | I70: 8 | J70: 9 | K70: 10 | L70: 11 | M70: 12 | N70: 13 | O70: 14 | P70: 15 | Q70: 16 | R70: 17 | S70: 18 | T70: 19 | U70: 20 | V70: 21 | W70: 22 | X70: 23 | Y70: 24 | Z70: 25 | AA70: 26 | AB70: 27 | AC70: 28 | AD70: 29 | AE70: 30 | AF70: 31
A71: CA REALISE (CLIENT CESSION GARANTIE)
A72: OBJECTIF | D72: 861 | E72: =D72+861 -> 1722 | F72: =E72+861 -> 2583 | G72: =F72+861 -> 3444 | H72: =G72+861 -> 4305 | K72: =H72+861 -> 5166 | L72: =K72+861 -> 6027 | M72: =L72+861 -> 6888 | N72: =M72+861 -> 7749 | O72: =N72+861 -> 8610 | R72: =O72+861 -> 9471 | S72: =R72+861 -> 10332 | T72: =S72+861 -> 11193 | U72: =T72+861 -> 12054 | V72: =U72+861 -> 12915 | Y72: =V72+861 -> 13776 | AA72: =Y72+861 -> 14637 | AB72: =AA72+861 -> 15498 | AC72: =AB72+861 -> 16359 | AF72: =AC72+861 -> 17220
A73: % DE REALISATION | D73: =D71/D72 -> 0 | E73: =E71/E72 -> 0 | F73: =F71/F72 -> 0 | G73: =G71/G72 -> 0 | H73: =H71/H72 -> 0 | K73: =K71/K72 -> 0 | L73: =L71/L72 -> 0 | M73: =M71/M72 -> 0 | N73: =N71/N72 -> 0 | O73: =O71/O72 -> 0 | R73: =R71/R72 -> 0 | S73: =S71/S72 -> 0 | T73: =T71/T72 -> 0 | U73: =U71/U72 -> 0 | V73: =V71/V72 -> 0 | Y73: =Y71/Y72 -> 0 | AA73: =AA71/AA72 -> 0 | AB73: =AB71/AB72 -> 0 | AC73: =AC71/AC72 -> 0 | AF73: =AF71/AF72 -> 0

Sheet Cumul 2018
C1: Suivi objectif réalisation CA par atelier
A7: GRIM PASSION LATTES | B7: JANVIER | C7: FEVRIER | D7: MARS | E7: AVRIL | F7: MAI | G7: JUIN | H7: JUILLET | I7: AOUT | J7: SEPTEMBRE | K7: OCTOBRE | L7: NOVEMBRE | M7: DECEMBRE
A8: CA REALISE (CLIENT CESSION GARANTIE) | B8: ='Janvier 2018'!AF9 -> 128832 | C8: =B8+'Février 2018'!AC9 -> 245952 | D8: =C8+'Mars 2018'!AE9 -> 374784 | E8: =D8+'Avril 2018'!AE9 -> 491904 | F8: =E8+'Mai 2018'!AF9 -> 603168 | G8: =F8+'Juin 2018'!AD9 -> 726144 | H8: =G8+'Juillet 2018'!AF9 -> 854976 | I8: =H8+'Aout 2018'!AF9 -> 983808 | J8: =I8+'Septembre 2018'!AC9 -> 1100928 | K8: =J8+'Octobre 2018'!AF9 -> 1235616 | L8: =K8+'Novembre 2018'!AE9 -> 1358592 | M8: =L8+'Décembre 2018'!AF9 -> 1475712
A9: OBJECTIF | C9: =B9+'Février 2018'!AC10 -> 0.90572917 | D9: =C9+'Mars 2018'!AE10 -> 1.8521322 | E9: =D9+'Avril 2018'!AE10 -> 2.6163911 | F9: =E9+'Mai 2018'!AF10 -> 3.564137 | G9: =F9+'Juin 2018'!AD10 -> 4.4491796 | H9: =G9+'Juillet 2018'!AF10 -> 5.4498316 | I9: =H9+'Aout 2018'!AF10 -> 5.4498316 | J9: =I9+'Septembre 2018'!AC10 -> 5.4498316 | K9: =J9+'Octobre 2018'!AF10 -> 5.4498316 | L9: =K9+'Novembre 2018'!AE10 -> 5.4498316 | M9: =L9+'Décembre 2018'!AF10 -> 5.4498316
A10: % DE REALISATION
A13: GRIM PASSION FENOUILLET | B13: JANVIER | C13: FEVRIER | D13: MARS | E13: AVRIL | F13: MAI | G13: JUIN | H13: JUILLET | I13: AOUT | J13: SEPTEMBRE | K13: OCTOBRE | L13: NOVEMBRE | M13: DECEMBRE
A14: CA REALISE (CLIENT CESSION GARANTIE)
